nomPays;sexe;annee;taux
AUS;TOT;1964;43
AUS;TOT;1966;40
AUS;TOT;1969;37
AUS;TOT;1974;37,8
AUS;TOT;1976;38,4
AUS;TOT;1980;36
AUS;TOT;1983;35,4
AUS;TOT;1986;30,6
AUS;TOT;1989;28,6
AUS;TOT;1992;26
AUS;TOT;1995;24,1
AUS;TOT;1998;22,1
AUS;TOT;2001;19,6
AUS;TOT;2004;17,8
AUS;TOT;2007;16,9
AUS;TOT;2010;15,3
AUS;TOT;2013;13
AUS;TOT;2016;12,4
AUS;TOT;2019;11,2
AUT;TOT;1972;22,9
AUT;TOT;1979;23,5
AUT;TOT;1986;25,5
AUT;TOT;1997;24,3
AUT;TOT;2006;23,2
AUT;TOT;2014;24,3
AUT;TOT;2019;20,6
BEL;TOT;1997;25,5
BEL;TOT;2001;24,1
BEL;TOT;2004;23,7
BEL;TOT;2008;20,5
BEL;TOT;2013;18,9
BEL;TOT;2018;15,4
CAN;TOT;1964;42
CAN;TOT;1965;42,5
CAN;TOT;1966;42,5
CAN;TOT;1967;42
CAN;TOT;1968;41
CAN;TOT;1969;40
CAN;TOT;1970;39,5
CAN;TOT;1971;39,5
CAN;TOT;1972;39
CAN;TOT;1979;34,4
CAN;TOT;1981;32,8
CAN;TOT;1983;31,2
CAN;TOT;1985;30,4
CAN;TOT;1986;28,3
CAN;TOT;1988;30,8
CAN;TOT;1989;31
CAN;TOT;1990;28,2
CAN;TOT;1991;25,9
CAN;TOT;1994;25,5
CAN;TOT;1996;24,5
CAN;TOT;1998;23,8
CAN;TOT;2001;22,4
CAN;TOT;2003;18,7
CAN;TOT;2005;17,3
CAN;TOT;2007;18,2
CAN;TOT;2008;17,5
CAN;TOT;2009;16,2
CAN;TOT;2010;16,3
CAN;TOT;2011;15,7
CAN;TOT;2012;16,1
CAN;TOT;2013;14,9
CAN;TOT;2014;14
CAN;TOT;2015;13,1
CAN;TOT;2016;12,5
CAN;TOT;2017;12
CAN;TOT;2018;11,3
CAN;TOT;2019;10,3
CZE;TOT;1993;26,1
CZE;TOT;1996;26,2
CZE;TOT;1999;23,5
CZE;TOT;2002;24,1
CZE;TOT;2003;27,2
CZE;TOT;2004;25,4
CZE;TOT;2005;24,3
CZE;TOT;2006;23,4
CZE;TOT;2007;24
CZE;TOT;2008;21,8
CZE;TOT;2009;23,8
CZE;TOT;2010;22,8
CZE;TOT;2011;21,7
CZE;TOT;2012;22,9
CZE;TOT;2013;22,2
CZE;TOT;2014;22,3
CZE;TOT;2015;18,2
CZE;TOT;2016;19,6
CZE;TOT;2017;18,4
CZE;TOT;2018;21,1
CZE;TOT;2019;18,1
DNK;TOT;1970;57,5
DNK;TOT;1971;56
DNK;TOT;1972;55
DNK;TOT;1973;54,5
DNK;TOT;1974;55
DNK;TOT;1975;53
DNK;TOT;1976;54
DNK;TOT;1977;53
DNK;TOT;1978;51,5
DNK;TOT;1979;51
DNK;TOT;1980;50,5
DNK;TOT;1981;49
DNK;TOT;1982;48
DNK;TOT;1983;48,5
DNK;TOT;1984;47
DNK;TOT;1985;46,5
DNK;TOT;1986;49
DNK;TOT;1987;46
DNK;TOT;1988;44,5
DNK;TOT;1989;44
DNK;TOT;1990;44,5
DNK;TOT;1991;44
DNK;TOT;1992;42,5
DNK;TOT;1993;42
DNK;TOT;1994;37
DNK;TOT;1995;35,5
DNK;TOT;1996;34
DNK;TOT;1997;32
DNK;TOT;1998;31
DNK;TOT;1999;31
DNK;TOT;2000;30,5
DNK;TOT;2001;29,5
DNK;TOT;2002;28
DNK;TOT;2003;28
DNK;TOT;2004;26
DNK;TOT;2005;26
DNK;TOT;2006;25
DNK;TOT;2007;24
DNK;TOT;2008;23
DNK;TOT;2009;19
DNK;TOT;2010;20,9
DNK;TOT;2013;17
DNK;TOT;2017;16,9
FIN;TOT;1978;26,6
FIN;TOT;1979;27,2
FIN;TOT;1980;26,1
FIN;TOT;1981;27,2
FIN;TOT;1982;24,4
FIN;TOT;1983;24,9
FIN;TOT;1984;24,6
FIN;TOT;1985;22,8
FIN;TOT;1986;25,1
FIN;TOT;1987;26,7
FIN;TOT;1988;26,7
FIN;TOT;1989;25,9
FIN;TOT;1990;25,9
FIN;TOT;1991;27
FIN;TOT;1992;26
FIN;TOT;1993;23,9
FIN;TOT;1994;22,7
FIN;TOT;1995;24
FIN;TOT;1996;22,4
FIN;TOT;1997;24,1
FIN;TOT;1998;25,1
FIN;TOT;1999;23,2
FIN;TOT;2000;23,4
FIN;TOT;2001;23,8
FIN;TOT;2002;23,4
FIN;TOT;2003;22,2
FIN;TOT;2004;23
FIN;TOT;2005;21,8
FIN;TOT;2006;21,4
FIN;TOT;2007;20,6
FIN;TOT;2008;20,4
FIN;TOT;2009;18,6
FIN;TOT;2010;19
FIN;TOT;2011;17,8
FIN;TOT;2012;17
FIN;TOT;2013;15,8
FIN;TOT;2014;15,4
FIN;TOT;2015;17,4
FIN;TOT;2016;15
FIN;TOT;2017;13
FIN;TOT;2018;14
FIN;TOT;2019;13
FIN;TOT;2020;12
FRA;TOT;1960;32
FRA;TOT;1965;25
FRA;TOT;1967;26
FRA;TOT;1988;27
FRA;TOT;1989;28
FRA;TOT;1990;31
FRA;TOT;1991;31
FRA;TOT;1992;29
FRA;TOT;1993;29
FRA;TOT;1994;28
FRA;TOT;1995;29
FRA;TOT;1996;24
FRA;TOT;1997;28
FRA;TOT;1998;28
FRA;TOT;1999;28
FRA;TOT;2000;30
FRA;TOT;2005;27,5
FRA;TOT;2010;29,7
FRA;TOT;2014;28,5
FRA;TOT;2015;29,4
FRA;TOT;2016;29,4
FRA;TOT;2017;26,9
FRA;TOT;2018;25,4
FRA;TOT;2019;24
DEU;TOT;1978;28,5
DEU;TOT;1989;25,1
DEU;TOT;1992;24,8
DEU;TOT;1995;24,3
DEU;TOT;1999;24,7
DEU;TOT;2003;24,3
DEU;TOT;2005;23,2
DEU;TOT;2009;21,9
DEU;TOT;2013;20,9
DEU;TOT;2017;18,8
GRC;TOT;1998;37,6
GRC;TOT;2000;35
GRC;TOT;2004;38,6
GRC;TOT;2006;40
GRC;TOT;2008;39,7
GRC;TOT;2009;31,9
GRC;TOT;2014;27,3
GRC;TOT;2019;24,9
HUN;TOT;1994;35,5
HUN;TOT;2000;30,2
HUN;TOT;2003;30,4
HUN;TOT;2009;26,5
HUN;TOT;2014;25,8
HUN;TOT;2019;24,9
ISL;TOT;1987;33
ISL;TOT;1988;32,5
ISL;TOT;1989;31,9
ISL;TOT;1990;30,2
ISL;TOT;1991;29,8
ISL;TOT;1992;28,3
ISL;TOT;1993;26,2
ISL;TOT;1994;26,4
ISL;TOT;1995;26,5
ISL;TOT;1996;27,4
ISL;TOT;1997;26,8
ISL;TOT;1998;24,6
ISL;TOT;1999;25
ISL;TOT;2000;22,4
ISL;TOT;2001;22,9
ISL;TOT;2002;21,1
ISL;TOT;2003;21,9
ISL;TOT;2004;19,8
ISL;TOT;2005;19,2
ISL;TOT;2006;18,8
ISL;TOT;2007;19
ISL;TOT;2008;17,6
ISL;TOT;2009;15,4
ISL;TOT;2010;14,2
ISL;TOT;2011;14,3
ISL;TOT;2012;13,8
ISL;TOT;2013;11,4
ISL;TOT;2014;12,6
ISL;TOT;2015;10,9
ISL;TOT;2016;10,2
ISL;TOT;2017;9,4
ISL;TOT;2018;8,6
ISL;TOT;2019;8,2
ISL;TOT;2020;7,3
IRL;TOT;1973;45,6
IRL;TOT;1985;34,5
IRL;TOT;1986;31,5
IRL;TOT;1987;30,5
IRL;TOT;1988;28,5
IRL;TOT;1989;29,5
IRL;TOT;1990;30
IRL;TOT;1991;28,5
IRL;TOT;1992;30
IRL;TOT;1993;28,5
IRL;TOT;1994;28
IRL;TOT;1998;33
IRL;TOT;2002;27
IRL;TOT;2007;24
IRL;TOT;2015;19
IRL;TOT;2016;19
IRL;TOT;2017;18
IRL;TOT;2018;17
IRL;TOT;2019;14
ITA;TOT;1980;35,5
ITA;TOT;1983;31,7
ITA;TOT;1986;29,1
ITA;TOT;1990;27,8
ITA;TOT;1993;25,7
ITA;TOT;1994;25,4
ITA;TOT;1995;25,6
ITA;TOT;1996;26,4
ITA;TOT;1997;25,2
ITA;TOT;1998;24,7
ITA;TOT;1999;24,7
ITA;TOT;2000;24,4
ITA;TOT;2001;24,1
ITA;TOT;2002;24
ITA;TOT;2003;24,2
ITA;TOT;2005;22,3
ITA;TOT;2006;23
ITA;TOT;2007;22,4
ITA;TOT;2008;22,4
ITA;TOT;2009;23,3
ITA;TOT;2010;23,1
ITA;TOT;2011;22,5
ITA;TOT;2012;22,1
ITA;TOT;2013;21,1
ITA;TOT;2014;19,7
ITA;TOT;2015;19,8
ITA;TOT;2016;20
ITA;TOT;2017;19,9
ITA;TOT;2018;19,2
ITA;TOT;2019;18,6
JPN;TOT;1965;49
JPN;TOT;1966;50,9
JPN;TOT;1967;50
JPN;TOT;1968;47
JPN;TOT;1969;47,3
JPN;TOT;1970;46,6
JPN;TOT;1971;46,1
JPN;TOT;1972;46,6
JPN;TOT;1973;46,7
JPN;TOT;1974;47,8
JPN;TOT;1975;45,7
JPN;TOT;1976;45,3
JPN;TOT;1977;45,1
JPN;TOT;1978;45,5
JPN;TOT;1979;44,3
JPN;TOT;1980;42,3
JPN;TOT;1981;43,1
JPN;TOT;1982;42,8
JPN;TOT;1983;39,8
JPN;TOT;1984;39,8
JPN;TOT;1985;39,2
JPN;TOT;1986;37,6
JPN;TOT;1987;37,5
JPN;TOT;1988;37,2
JPN;TOT;1989;28,7
JPN;TOT;1990;28,5
JPN;TOT;1991;27,8
JPN;TOT;1992;27,1
JPN;TOT;1993;24,7
JPN;TOT;1994;24,5
JPN;TOT;1995;28,2
JPN;TOT;1996;27,1
JPN;TOT;1997;28,7
JPN;TOT;1998;27,6
JPN;TOT;1999;26,2
JPN;TOT;2000;27
JPN;TOT;2001;24,4
JPN;TOT;2002;24
JPN;TOT;2003;27,7
JPN;TOT;2004;26,4
JPN;TOT;2005;24,2
JPN;TOT;2006;23,8
JPN;TOT;2007;24,1
JPN;TOT;2008;21,8
JPN;TOT;2009;23,4
JPN;TOT;2010;19,5
JPN;TOT;2011;20,1
JPN;TOT;2012;20,7
JPN;TOT;2013;19,3
JPN;TOT;2014;19,6
JPN;TOT;2015;18,2
JPN;TOT;2016;18,3
JPN;TOT;2017;17,7
JPN;TOT;2018;17,8
JPN;TOT;2019;16,7
KOR;TOT;1989;34,6
KOR;TOT;1992;34,7
KOR;TOT;1995;35,2
KOR;TOT;1998;30,7
KOR;TOT;2001;26,1
KOR;TOT;2005;25,9
KOR;TOT;2007;24
KOR;TOT;2008;26,3
KOR;TOT;2009;25,6
KOR;TOT;2010;22,9
KOR;TOT;2011;23,2
KOR;TOT;2012;21,6
KOR;TOT;2013;19,9
KOR;TOT;2014;20
KOR;TOT;2015;17,3
KOR;TOT;2016;18,4
KOR;TOT;2017;17,5
KOR;TOT;2018;17,5
KOR;TOT;2019;16,4
LUX;TOT;2001;26
LUX;TOT;2002;26
LUX;TOT;2003;28
LUX;TOT;2004;27
LUX;TOT;2005;23
LUX;TOT;2006;21
LUX;TOT;2007;21
LUX;TOT;2008;20
LUX;TOT;2009;19
LUX;TOT;2010;18,3
LUX;TOT;2011;16,9
LUX;TOT;2012;16,8
LUX;TOT;2013;15,7
LUX;TOT;2014;15,3
LUX;TOT;2015;15
LUX;TOT;2016;14,9
LUX;TOT;2017;16
LUX;TOT;2018;14,5
LUX;TOT;2019;16,8
LUX;TOT;2020;16,9
MEX;TOT;2000;12,4
MEX;TOT;2002;14,6
MEX;TOT;2006;13
MEX;TOT;2008;10,8
MEX;TOT;2009;7,6
MEX;TOT;2011;10,3
MEX;TOT;2012;11,8
MEX;TOT;2015;7,6
MEX;TOT;2017;7,6
NLD;TOT;1966;61
NLD;TOT;1967;60
NLD;TOT;1970;59
NLD;TOT;1971;55
NLD;TOT;1975;53
NLD;TOT;1978;48
NLD;TOT;1979;45
NLD;TOT;1980;43
NLD;TOT;1981;42
NLD;TOT;1982;37
NLD;TOT;1983;42
NLD;TOT;1984;39
NLD;TOT;1985;39
NLD;TOT;1986;38
NLD;TOT;1987;37
NLD;TOT;1988;33
NLD;TOT;1989;33
NLD;TOT;1990;37
NLD;TOT;1991;38
NLD;TOT;1992;37
NLD;TOT;1993;36
NLD;TOT;1994;37
NLD;TOT;1995;36
NLD;TOT;1996;36
NLD;TOT;1997;36
NLD;TOT;1998;35
NLD;TOT;1999;34
NLD;TOT;2000;32
NLD;TOT;2001;28,8
NLD;TOT;2002;27,6
NLD;TOT;2003;26,7
NLD;TOT;2004;25,4
NLD;TOT;2005;25,2
NLD;TOT;2006;25,2
NLD;TOT;2007;23,1
NLD;TOT;2008;23,3
NLD;TOT;2009;22,6
NLD;TOT;2010;20,9
NLD;TOT;2011;20,8
NLD;TOT;2012;18,4
NLD;TOT;2013;18,5
NLD;TOT;2014;19,1
NLD;TOT;2015;19
NLD;TOT;2016;18
NLD;TOT;2017;16,8
NLD;TOT;2018;15,5
NLD;TOT;2019;15,4
NZL;TOT;1976;36
NZL;TOT;1981;32
NZL;TOT;1983;33
NZL;TOT;1984;32
NZL;TOT;1985;30
NZL;TOT;1986;30
NZL;TOT;1987;30
NZL;TOT;1988;29
NZL;TOT;1989;27
NZL;TOT;1990;28
NZL;TOT;1991;26
NZL;TOT;1992;27
NZL;TOT;1993;27
NZL;TOT;1994;27
NZL;TOT;1995;27
NZL;TOT;1996;26
NZL;TOT;1997;26
NZL;TOT;1998;25
NZL;TOT;1999;26
NZL;TOT;2000;25
NZL;TOT;2001;25
NZL;TOT;2002;25
NZL;TOT;2003;23
NZL;TOT;2004;22
NZL;TOT;2005;22,5
NZL;TOT;2006;20,7
NZL;TOT;2007;18,1
NZL;TOT;2012;16,3
NZL;TOT;2013;15,6
NZL;TOT;2014;15,7
NZL;TOT;2015;15
NZL;TOT;2016;14,2
NZL;TOT;2017;13,8
NZL;TOT;2018;13,1
NZL;TOT;2019;12,5
NZL;TOT;2020;11,6
NOR;TOT;1973;41
NOR;TOT;1974;42
NOR;TOT;1975;40
NOR;TOT;1976;40
NOR;TOT;1977;37
NOR;TOT;1978;38
NOR;TOT;1979;38
NOR;TOT;1980;36
NOR;TOT;1981;35
NOR;TOT;1982;37
NOR;TOT;1983;37
NOR;TOT;1984;38
NOR;TOT;1985;37
NOR;TOT;1986;35
NOR;TOT;1987;36
NOR;TOT;1988;38
NOR;TOT;1989;36
NOR;TOT;1990;35
NOR;TOT;1991;34
NOR;TOT;1992;35
NOR;TOT;1993;37
NOR;TOT;1994;33
NOR;TOT;1995;33
NOR;TOT;1996;33
NOR;TOT;1997;34
NOR;TOT;1998;33
NOR;TOT;1999;32
NOR;TOT;2000;32
NOR;TOT;2001;30
NOR;TOT;2002;29
NOR;TOT;2003;26
NOR;TOT;2004;26
NOR;TOT;2005;25
NOR;TOT;2006;24
NOR;TOT;2007;22
NOR;TOT;2008;21
NOR;TOT;2009;21
NOR;TOT;2010;19
NOR;TOT;2011;17
NOR;TOT;2012;16
NOR;TOT;2013;15
NOR;TOT;2014;13
NOR;TOT;2015;13
NOR;TOT;2016;12
NOR;TOT;2017;11
NOR;TOT;2018;12
NOR;TOT;2019;9
NOR;TOT;2020;9
POL;TOT;1996;31,5
POL;TOT;2001;27,6
POL;TOT;2004;26,3
POL;TOT;2009;23,8
POL;TOT;2014;22,7
POL;TOT;2019;17,1
PRT;TOT;1987;19
PRT;TOT;1996;19,5
PRT;TOT;1999;20,6
PRT;TOT;2006;18,6
PRT;TOT;2014;16,8
PRT;TOT;2019;14,2
SVK;TOT;2003;22,1
SVK;TOT;2009;19,5
SVK;TOT;2014;22,9
SVK;TOT;2019;21
ESP;TOT;1985;41
ESP;TOT;1987;38,4
ESP;TOT;1989;35,9
ESP;TOT;1993;32,1
ESP;TOT;1995;33,7
ESP;TOT;1997;33,2
ESP;TOT;2001;31,7
ESP;TOT;2003;28,1
ESP;TOT;2006;26,4
ESP;TOT;2009;26,2
ESP;TOT;2011;23,9
ESP;TOT;2014;23
ESP;TOT;2017;22,1
ESP;TOT;2020;19,8
SWE;TOT;1980;32,4
SWE;TOT;1981;30,4
SWE;TOT;1982;30,6
SWE;TOT;1983;29
SWE;TOT;1984;30,5
SWE;TOT;1985;28,5
SWE;TOT;1986;27,6
SWE;TOT;1987;27,7
SWE;TOT;1988;27
SWE;TOT;1989;25,9
SWE;TOT;1990;25,8
SWE;TOT;1991;25,1
SWE;TOT;1992;25,9
SWE;TOT;1993;23,3
SWE;TOT;1994;22,7
SWE;TOT;1995;22,8
SWE;TOT;1996;22,3
SWE;TOT;1997;19,2
SWE;TOT;1998;19,1
SWE;TOT;1999;19,3
SWE;TOT;2000;18,9
SWE;TOT;2001;18,9
SWE;TOT;2002;17,5
SWE;TOT;2003;17,2
SWE;TOT;2004;15,9
SWE;TOT;2005;15,7
SWE;TOT;2006;15,2
SWE;TOT;2007;13,8
SWE;TOT;2008;14,6
SWE;TOT;2009;14
SWE;TOT;2010;13,6
SWE;TOT;2011;13,1
SWE;TOT;2012;12,8
SWE;TOT;2013;10,7
SWE;TOT;2014;11,9
SWE;TOT;2015;11,2
SWE;TOT;2016;10,9
SWE;TOT;2017;10,4
SWE;TOT;2018;10,1
SWE;TOT;2019;10,4
CHE;TOT;1992;28,1
CHE;TOT;1997;28,9
CHE;TOT;2002;26,5
CHE;TOT;2007;20,4
CHE;TOT;2012;20,4
CHE;TOT;2017;19,1
TUR;TOT;1989;47,4
TUR;TOT;1995;43,6
TUR;TOT;2003;32,1
TUR;TOT;2006;33,4
TUR;TOT;2008;27,4
TUR;TOT;2010;25,4
TUR;TOT;2012;23,8
TUR;TOT;2014;27,3
TUR;TOT;2016;26,5
TUR;TOT;2019;28
GBR;TOT;1960;51,5
GBR;TOT;1961;51
GBR;TOT;1962;49,5
GBR;TOT;1963;48,5
GBR;TOT;1964;47,5
GBR;TOT;1965;48
GBR;TOT;1966;49,5
GBR;TOT;1967;49
GBR;TOT;1968;49
GBR;TOT;1969;49
GBR;TOT;1970;49,5
GBR;TOT;1971;46,5
GBR;TOT;1972;46,5
GBR;TOT;1973;46
GBR;TOT;1974;45
GBR;TOT;1976;42
GBR;TOT;1978;40
GBR;TOT;1980;39
GBR;TOT;1982;35
GBR;TOT;1984;34
GBR;TOT;1986;33
GBR;TOT;1988;32
GBR;TOT;1990;30
GBR;TOT;1992;29
GBR;TOT;1994;27
GBR;TOT;1996;28
GBR;TOT;1998;27
GBR;TOT;2000;27
GBR;TOT;2001;27
GBR;TOT;2002;26
GBR;TOT;2003;26
GBR;TOT;2004;25
GBR;TOT;2005;24
GBR;TOT;2006;22
GBR;TOT;2007;21
GBR;TOT;2008;21
GBR;TOT;2009;21
GBR;TOT;2010;20
GBR;TOT;2011;20
GBR;TOT;2012;20
GBR;TOT;2013;19
GBR;TOT;2014;19
GBR;TOT;2015;17,8
GBR;TOT;2016;16,1
GBR;TOT;2017;16,8
GBR;TOT;2018;16,6
GBR;TOT;2019;15,8
USA;TOT;1965;42,4
USA;TOT;1966;42,6
USA;TOT;1967;39,1
USA;TOT;1968;37,7
USA;TOT;1970;37,4
USA;TOT;1974;37,1
USA;TOT;1976;36,1
USA;TOT;1977;36
USA;TOT;1978;34,1
USA;TOT;1979;33,5
USA;TOT;1980;33,2
USA;TOT;1983;32,1
USA;TOT;1985;30,1
USA;TOT;1987;28,8
USA;TOT;1988;28,1
USA;TOT;1990;25,5
USA;TOT;1991;22,1
USA;TOT;1992;22,3
USA;TOT;1993;20,4
USA;TOT;1994;21
USA;TOT;1995;20
USA;TOT;1997;20,3
USA;TOT;1998;19,9
USA;TOT;1999;19,2
USA;TOT;2000;19,1
USA;TOT;2001;18,7
USA;TOT;2002;18,4
USA;TOT;2003;17,5
USA;TOT;2004;17
USA;TOT;2005;16,9
USA;TOT;2006;16,7
USA;TOT;2007;15,4
USA;TOT;2008;16,5
USA;TOT;2009;16,1
USA;TOT;2010;15,1
USA;TOT;2011;14,8
USA;TOT;2012;14,2
USA;TOT;2013;13,7
USA;TOT;2014;12,9
USA;TOT;2015;11,4
USA;TOT;2016;11,8
USA;TOT;2017;10,5
USA;TOT;2018;10,3
USA;TOT;2019;10,9
BRA;TOT;2003;17,6
BRA;TOT;2006;16,2
BRA;TOT;2007;16,4
BRA;TOT;2008;16,1
BRA;TOT;2009;15,5
BRA;TOT;2010;15,1
BRA;TOT;2011;14,8
BRA;TOT;2012;12,1
BRA;TOT;2013;11,3
BRA;TOT;2014;10,8
BRA;TOT;2015;10,4
BRA;TOT;2016;10,2
BRA;TOT;2017;10,1
BRA;TOT;2018;9,3
BRA;TOT;2019;9,8
CHL;TOT;2003;33
CHL;TOT;2009;29,8
CHL;TOT;2016;24,5
CHN;TOT;2007;23,7
CHN;TOT;2010;23
CHN;TOT;2012;22,7
CHN;TOT;2014;22,2
CHN;TOT;2016;21,9
CHN;TOT;2018;21,5
EST;TOT;1990;27,5
EST;TOT;1992;30,9
EST;TOT;1994;33,5
EST;TOT;1996;31,9
EST;TOT;1998;29,7
EST;TOT;2000;30,3
EST;TOT;2002;28,3
EST;TOT;2004;32,8
EST;TOT;2006;27,8
EST;TOT;2008;26,2
EST;TOT;2010;26,2
EST;TOT;2012;26
EST;TOT;2014;22,1
EST;TOT;2016;21,3
EST;TOT;2018;17,2
EST;TOT;2020;17,9
IND;TOT;2007;12
IND;TOT;2010;11,3
IND;TOT;2012;10,9
IND;TOT;2014;10,6
IND;TOT;2016;10,3
IND;TOT;2018;10
IDN;TOT;2007;26,9
IDN;TOT;2010;27
IDN;TOT;2012;27,3
IDN;TOT;2014;27,4
IDN;TOT;2016;27,5
IDN;TOT;2018;27,6
ISR;TOT;1996;24,5
ISR;TOT;2000;24,1
ISR;TOT;2002;21,9
ISR;TOT;2004;21,6
ISR;TOT;2006;19,5
ISR;TOT;2008;18,7
ISR;TOT;2010;18,5
ISR;TOT;2013;16,2
ISR;TOT;2014;17,1
ISR;TOT;2016;19,6
ISR;TOT;2017;16,9
ISR;TOT;2019;16,4
RUS;TOT;1991;30
RUS;TOT;1998;33,9
RUS;TOT;2000;34,9
RUS;TOT;2001;35,1
RUS;TOT;2004;35,8
RUS;TOT;2009;39,4
RUS;TOT;2016;30,3
RUS;TOT;2017;27,5
RUS;TOT;2018;26,7
RUS;TOT;2019;25,8
SVN;TOT;2001;22,4
SVN;TOT;2007;18,9
SVN;TOT;2014;18,9
SVN;TOT;2019;17,4
ZAF;TOT;2007;18,9
ZAF;TOT;2010;18,4
ZAF;TOT;2012;18,1
ZAF;TOT;2014;17,8
ZAF;TOT;2016;17,6
ZAF;TOT;2018;17,3
COL;TOT;2008;17,1
COL;TOT;2013;13
LVA;TOT;2008;28,1
LVA;TOT;2014;24,6
LVA;TOT;2019;22,6
LTU;TOT;2005;24,5
LTU;TOT;2014;20,3
LTU;TOT;2019;18,9
CRI;TOT;1990;18
CRI;TOT;1991;17,5
CRI;TOT;1992;17
CRI;TOT;1993;16,5
CRI;TOT;1994;16
CRI;TOT;1995;14,7
CRI;TOT;1996;15
CRI;TOT;1997;14,6
CRI;TOT;1998;14,1
CRI;TOT;1999;13,6
CRI;TOT;2000;12,5
CRI;TOT;2001;12,6
CRI;TOT;2002;12,1
CRI;TOT;2003;11,6
CRI;TOT;2004;11,1
CRI;TOT;2005;10,6
CRI;TOT;2006;10,1
CRI;TOT;2007;9,6
CRI;TOT;2008;9,2
CRI;TOT;2009;8,7
CRI;TOT;2010;8,2
CRI;TOT;2011;7,7
CRI;TOT;2012;7,2
CRI;TOT;2013;6,7
CRI;TOT;2014;6,2
CRI;TOT;2015;5,8
CRI;TOT;2016;5,2
CRI;TOT;2017;4,7
CRI;TOT;2018;4,2
AUS;MEN;1964;58
AUS;MEN;1966;55
AUS;MEN;1969;45
AUS;MEN;1974;45,3
AUS;MEN;1976;43,9
AUS;MEN;1980;41,1
AUS;MEN;1983;40,3
AUS;MEN;1986;32,9
AUS;MEN;1989;30,2
AUS;MEN;1992;28,2
AUS;MEN;1995;26,3
AUS;MEN;1998;24,4
AUS;MEN;2001;21,2
AUS;MEN;2004;19
AUS;MEN;2007;18,3
AUS;MEN;2010;16,6
AUS;MEN;2013;14,7
AUS;MEN;2016;14
AUS;MEN;2019;12,4
AUS;WOMEN;1964;28
AUS;WOMEN;1966;26
AUS;WOMEN;1969;28
AUS;WOMEN;1974;29,6
AUS;WOMEN;1976;32,5
AUS;WOMEN;1980;31,1
AUS;WOMEN;1983;30,9
AUS;WOMEN;1986;28,5
AUS;WOMEN;1989;27
AUS;WOMEN;1992;23,8
AUS;WOMEN;1995;22
AUS;WOMEN;1998;19,8
AUS;WOMEN;2001;18
AUS;WOMEN;2004;16,5
AUS;WOMEN;2007;15,4
AUS;WOMEN;2010;14,1
AUS;WOMEN;2013;11,3
AUS;WOMEN;2016;10,8
AUS;WOMEN;2019;10
AUT;MEN;1972;38,7
AUT;MEN;1979;35,3
AUT;MEN;1986;34,6
AUT;MEN;1997;30
AUT;MEN;2006;27,3
AUT;MEN;2014;26,5
AUT;MEN;2019;23,5
AUT;WOMEN;1972;9,8
AUT;WOMEN;1979;13,6
AUT;WOMEN;1986;17,5
AUT;WOMEN;1997;18,8
AUT;WOMEN;2006;19,4
AUT;WOMEN;2014;22,1
AUT;WOMEN;2019;17,8
BEL;MEN;1997;31,2
BEL;MEN;2001;28,6
BEL;MEN;2004;28
BEL;MEN;2008;23,6
BEL;MEN;2013;21,6
BEL;MEN;2018;18,9
BEL;WOMEN;1997;19,7
BEL;WOMEN;2001;19,9
BEL;WOMEN;2004;19,7
BEL;WOMEN;2008;17,7
BEL;WOMEN;2013;16,4
BEL;WOMEN;2018;12,1
CAN;MEN;1964;54
CAN;MEN;1965;55
CAN;MEN;1966;54
CAN;MEN;1967;53
CAN;MEN;1968;51
CAN;MEN;1969;50
CAN;MEN;1970;49
CAN;MEN;1971;49
CAN;MEN;1972;48
CAN;MEN;1979;38,6
CAN;MEN;1981;36,7
CAN;MEN;1983;34
CAN;MEN;1985;33,1
CAN;MEN;1986;30,8
CAN;MEN;1988;34,5
CAN;MEN;1989;32,6
CAN;MEN;1990;29,8
CAN;MEN;1991;26,2
CAN;MEN;1994;27,5
CAN;MEN;1996;27
CAN;MEN;1998;25,4
CAN;MEN;2001;24,7
CAN;MEN;2003;20,5
CAN;MEN;2005;19,2
CAN;MEN;2007;20,4
CAN;MEN;2008;20
CAN;MEN;2009;18,3
CAN;MEN;2010;19
CAN;MEN;2011;17,4
CAN;MEN;2012;18,7
CAN;MEN;2013;16,9
CAN;MEN;2014;16,3
CAN;MEN;2015;14,9
CAN;MEN;2016;14,2
CAN;MEN;2017;14,2
CAN;MEN;2018;12,8
CAN;MEN;2019;12
CAN;WOMEN;1964;30
CAN;WOMEN;1965;30
CAN;WOMEN;1966;31
CAN;WOMEN;1967;31
CAN;WOMEN;1968;31
CAN;WOMEN;1969;30
CAN;WOMEN;1970;30
CAN;WOMEN;1971;30
CAN;WOMEN;1972;30
CAN;WOMEN;1979;30,1
CAN;WOMEN;1981;28,9
CAN;WOMEN;1983;28,3
CAN;WOMEN;1985;27,8
CAN;WOMEN;1986;25,8
CAN;WOMEN;1988;27
CAN;WOMEN;1989;29,4
CAN;WOMEN;1990;26,7
CAN;WOMEN;1991;25,6
CAN;WOMEN;1994;23,6
CAN;WOMEN;1996;22,1
CAN;WOMEN;1998;22,3
CAN;WOMEN;2001;20,2
CAN;WOMEN;2003;17
CAN;WOMEN;2005;15,6
CAN;WOMEN;2007;16,1
CAN;WOMEN;2008;15,1
CAN;WOMEN;2009;14,2
CAN;WOMEN;2010;13,7
CAN;WOMEN;2011;14
CAN;WOMEN;2012;13,5
CAN;WOMEN;2013;12,9
CAN;WOMEN;2014;11,7
CAN;WOMEN;2015;11,3
CAN;WOMEN;2016;10,8
CAN;WOMEN;2017;10
CAN;WOMEN;2018;9,7
CAN;WOMEN;2019;8,7
CZE;MEN;1993;31,9
CZE;MEN;1996;32,8
CZE;MEN;1999;30,1
CZE;MEN;2002;30,9
CZE;MEN;2003;32,2
CZE;MEN;2004;31,1
CZE;MEN;2005;29,8
CZE;MEN;2006;27,7
CZE;MEN;2007;29,6
CZE;MEN;2008;24,9
CZE;MEN;2009;29,7
CZE;MEN;2010;29,3
CZE;MEN;2011;24,7
CZE;MEN;2012;26,3
CZE;MEN;2013;27,2
CZE;MEN;2014;26,4
CZE;MEN;2015;21,8
CZE;MEN;2016;23,8
CZE;MEN;2017;22,6
CZE;MEN;2018;24,5
CZE;MEN;2019;21,1
CZE;WOMEN;1993;21
CZE;WOMEN;1996;20,2
CZE;WOMEN;1999;17,3
CZE;WOMEN;2002;18,1
CZE;WOMEN;2003;22,6
CZE;WOMEN;2004;20,1
CZE;WOMEN;2005;19,4
CZE;WOMEN;2006;19,5
CZE;WOMEN;2007;18,8
CZE;WOMEN;2008;18,8
CZE;WOMEN;2009;18
CZE;WOMEN;2010;16,5
CZE;WOMEN;2011;18,8
CZE;WOMEN;2012;19,6
CZE;WOMEN;2013;17,4
CZE;WOMEN;2014;18,5
CZE;WOMEN;2015;14,8
CZE;WOMEN;2016;15,6
CZE;WOMEN;2017;14,5
CZE;WOMEN;2018;17,9
CZE;WOMEN;2019;15,2
DNK;MEN;1967;70
DNK;MEN;1968;69
DNK;MEN;1969;68
DNK;MEN;1970;68
DNK;MEN;1971;67
DNK;MEN;1972;64
DNK;MEN;1973;63
DNK;MEN;1974;64
DNK;MEN;1975;60
DNK;MEN;1976;61
DNK;MEN;1977;59
DNK;MEN;1978;57
DNK;MEN;1979;57
DNK;MEN;1980;57
DNK;MEN;1981;54
DNK;MEN;1982;53
DNK;MEN;1983;54
DNK;MEN;1984;51
DNK;MEN;1985;51
DNK;MEN;1986;53
DNK;MEN;1987;50
DNK;MEN;1988;47
DNK;MEN;1989;47
DNK;MEN;1990;47
DNK;MEN;1991;47
DNK;MEN;1992;46
DNK;MEN;1993;45
DNK;MEN;1994;39
DNK;MEN;1995;38
DNK;MEN;1996;36
DNK;MEN;1997;34
DNK;MEN;1998;32
DNK;MEN;1999;35
DNK;MEN;2000;32
DNK;MEN;2001;33,5
DNK;MEN;2002;30,5
DNK;MEN;2003;31
DNK;MEN;2004;29
DNK;MEN;2005;28
DNK;MEN;2006;26
DNK;MEN;2007;28
DNK;MEN;2008;24
DNK;MEN;2009;22
DNK;MEN;2010;22,7
DNK;MEN;2013;18,6
DNK;MEN;2017;18,5
DNK;WOMEN;1970;47
DNK;WOMEN;1971;45
DNK;WOMEN;1972;46
DNK;WOMEN;1973;46
DNK;WOMEN;1974;46
DNK;WOMEN;1975;46
DNK;WOMEN;1976;47
DNK;WOMEN;1977;47
DNK;WOMEN;1978;46
DNK;WOMEN;1979;45
DNK;WOMEN;1980;44
DNK;WOMEN;1981;44
DNK;WOMEN;1982;43
DNK;WOMEN;1983;43
DNK;WOMEN;1984;43
DNK;WOMEN;1985;42
DNK;WOMEN;1986;45
DNK;WOMEN;1987;42
DNK;WOMEN;1988;42
DNK;WOMEN;1989;41
DNK;WOMEN;1990;42
DNK;WOMEN;1991;41
DNK;WOMEN;1992;39
DNK;WOMEN;1993;39
DNK;WOMEN;1994;35
DNK;WOMEN;1995;33
DNK;WOMEN;1996;32
DNK;WOMEN;1997;30
DNK;WOMEN;1998;30
DNK;WOMEN;1999;27
DNK;WOMEN;2000;29
DNK;WOMEN;2001;25,5
DNK;WOMEN;2002;26
DNK;WOMEN;2003;25
DNK;WOMEN;2004;23
DNK;WOMEN;2005;24
DNK;WOMEN;2006;23
DNK;WOMEN;2007;21
DNK;WOMEN;2008;22
DNK;WOMEN;2009;17
DNK;WOMEN;2010;19,3
DNK;WOMEN;2013;15,5
DNK;WOMEN;2017;15,4
FIN;MEN;1978;35,9
FIN;MEN;1979;35,5
FIN;MEN;1980;35,2
FIN;MEN;1981;35,6
FIN;MEN;1982;32
FIN;MEN;1983;31,5
FIN;MEN;1984;33,6
FIN;MEN;1985;31,9
FIN;MEN;1986;32,9
FIN;MEN;1987;33,2
FIN;MEN;1988;33,4
FIN;MEN;1989;33,3
FIN;MEN;1990;32,4
FIN;MEN;1991;33,3
FIN;MEN;1992;32,8
FIN;MEN;1993;30,1
FIN;MEN;1994;27,1
FIN;MEN;1995;29,1
FIN;MEN;1996;27,3
FIN;MEN;1997;29,6
FIN;MEN;1998;30,2
FIN;MEN;1999;27
FIN;MEN;2000;27,3
FIN;MEN;2001;28,2
FIN;MEN;2002;27,5
FIN;MEN;2003;25,7
FIN;MEN;2004;27,1
FIN;MEN;2005;26
FIN;MEN;2006;24,4
FIN;MEN;2007;25,8
FIN;MEN;2008;24
FIN;MEN;2009;21,9
FIN;MEN;2010;23,2
FIN;MEN;2011;21,9
FIN;MEN;2012;20,9
FIN;MEN;2013;19,1
FIN;MEN;2014;17,2
FIN;MEN;2015;18,7
FIN;MEN;2016;16
FIN;MEN;2017;15
FIN;MEN;2018;15
FIN;MEN;2019;16
FIN;MEN;2020;14
FIN;WOMEN;1978;17,4
FIN;WOMEN;1979;18,3
FIN;WOMEN;1980;16,6
FIN;WOMEN;1981;18,5
FIN;WOMEN;1982;16
FIN;WOMEN;1983;18,5
FIN;WOMEN;1984;17,1
FIN;WOMEN;1985;14,3
FIN;WOMEN;1986;18,3
FIN;WOMEN;1987;21,1
FIN;WOMEN;1988;20,3
FIN;WOMEN;1989;19,2
FIN;WOMEN;1990;20
FIN;WOMEN;1991;21,6
FIN;WOMEN;1992;20
FIN;WOMEN;1993;18,6
FIN;WOMEN;1994;18,6
FIN;WOMEN;1995;19,5
FIN;WOMEN;1996;18,2
FIN;WOMEN;1997;19,7
FIN;WOMEN;1998;20,4
FIN;WOMEN;1999;20,1
FIN;WOMEN;2000;20,3
FIN;WOMEN;2001;19,7
FIN;WOMEN;2002;19,9
FIN;WOMEN;2003;19,3
FIN;WOMEN;2004;19,5
FIN;WOMEN;2005;18,2
FIN;WOMEN;2006;18,9
FIN;WOMEN;2007;16,6
FIN;WOMEN;2008;17,6
FIN;WOMEN;2009;16
FIN;WOMEN;2010;15,7
FIN;WOMEN;2011;14,8
FIN;WOMEN;2012;14
FIN;WOMEN;2013;13,2
FIN;WOMEN;2014;14
FIN;WOMEN;2015;14,5
FIN;WOMEN;2016;15
FIN;WOMEN;2017;12
FIN;WOMEN;2018;13
FIN;WOMEN;2019;10
FIN;WOMEN;2020;11
FRA;MEN;1960;57
FRA;MEN;1965;43
FRA;MEN;1967;45
FRA;MEN;1988;36
FRA;MEN;1989;37
FRA;MEN;1990;39
FRA;MEN;1991;39
FRA;MEN;1992;37
FRA;MEN;1993;36
FRA;MEN;1994;35
FRA;MEN;1995;36
FRA;MEN;1996;30
FRA;MEN;1997;34
FRA;MEN;1998;34
FRA;MEN;1999;34
FRA;MEN;2000;33,7
FRA;MEN;2005;32
FRA;MEN;2010;33,1
FRA;MEN;2014;32,9
FRA;MEN;2015;33,1
FRA;MEN;2016;33
FRA;MEN;2017;29,8
FRA;MEN;2018;28,2
FRA;MEN;2019;27,5
FRA;WOMEN;1960;11
FRA;WOMEN;1965;10
FRA;WOMEN;1967;10
FRA;WOMEN;1988;18
FRA;WOMEN;1989;19
FRA;WOMEN;1990;22
FRA;WOMEN;1991;22
FRA;WOMEN;1992;22
FRA;WOMEN;1993;21
FRA;WOMEN;1994;21
FRA;WOMEN;1995;21
FRA;WOMEN;1996;19
FRA;WOMEN;1997;22
FRA;WOMEN;1998;23
FRA;WOMEN;1999;22
FRA;WOMEN;2000;26,4
FRA;WOMEN;2005;23,2
FRA;WOMEN;2010;26,6
FRA;WOMEN;2014;24,4
FRA;WOMEN;2015;25,8
FRA;WOMEN;2016;26
FRA;WOMEN;2017;24,2
FRA;WOMEN;2018;22,9
FRA;WOMEN;2019;20,7
DEU;MEN;1978;42,2
DEU;MEN;1989;32,8
DEU;MEN;1992;32,4
DEU;MEN;1995;31,3
DEU;MEN;1999;30,9
DEU;MEN;2003;29,8
DEU;MEN;2005;27,9
DEU;MEN;2009;26,4
DEU;MEN;2013;25,1
DEU;MEN;2017;22,3
DEU;WOMEN;1978;16,5
DEU;WOMEN;1989;18
DEU;WOMEN;1992;17,8
DEU;WOMEN;1995;17,8
DEU;WOMEN;1999;18,9
DEU;WOMEN;2003;19,1
DEU;WOMEN;2005;18,8
DEU;WOMEN;2009;17,6
DEU;WOMEN;2013;17,1
DEU;WOMEN;2017;15,3
GRC;MEN;1998;46,8
GRC;MEN;2000;44
GRC;MEN;2004;46
GRC;MEN;2006;49,9
GRC;MEN;2008;46,3
GRC;MEN;2009;38
GRC;MEN;2014;33,8
GRC;MEN;2019;31,3
GRC;WOMEN;1998;29
GRC;WOMEN;2000;27
GRC;WOMEN;2004;31,3
GRC;WOMEN;2006;30,8
GRC;WOMEN;2008;33,5
GRC;WOMEN;2009;26,1
GRC;WOMEN;2014;21,4
GRC;WOMEN;2019;19
HUN;MEN;1994;44
HUN;MEN;2000;38,2
HUN;MEN;2003;36,9
HUN;MEN;2009;31,9
HUN;MEN;2014;31,6
HUN;MEN;2019;27,7
HUN;WOMEN;1994;27
HUN;WOMEN;2000;23
HUN;WOMEN;2003;24,6
HUN;WOMEN;2009;21,7
HUN;WOMEN;2014;20,8
HUN;WOMEN;2019;22,3
ISL;MEN;1987;35,6
ISL;MEN;1988;32,8
ISL;MEN;1989;31
ISL;MEN;1990;30,8
ISL;MEN;1991;30,9
ISL;MEN;1992;27,8
ISL;MEN;1993;25,9
ISL;MEN;1994;27,3
ISL;MEN;1995;26,3
ISL;MEN;1996;27,5
ISL;MEN;1997;27,9
ISL;MEN;1998;24,1
ISL;MEN;1999;24,5
ISL;MEN;2000;22,8
ISL;MEN;2001;23,7
ISL;MEN;2002;21,9
ISL;MEN;2003;24,9
ISL;MEN;2004;21,1
ISL;MEN;2005;19,3
ISL;MEN;2006;20,7
ISL;MEN;2007;20,4
ISL;MEN;2008;20,1
ISL;MEN;2009;15,7
ISL;MEN;2010;14,5
ISL;MEN;2011;14,4
ISL;MEN;2012;14,9
ISL;MEN;2013;10,7
ISL;MEN;2014;12,1
ISL;MEN;2015;10,7
ISL;MEN;2016;9,5
ISL;MEN;2017;9,1
ISL;MEN;2018;8,1
ISL;MEN;2019;8,1
ISL;MEN;2020;6,7
ISL;WOMEN;1987;30,6
ISL;WOMEN;1988;32,3
ISL;WOMEN;1989;32,9
ISL;WOMEN;1990;29,8
ISL;WOMEN;1991;28,8
ISL;WOMEN;1992;28,9
ISL;WOMEN;1993;26,5
ISL;WOMEN;1994;25,6
ISL;WOMEN;1995;26,7
ISL;WOMEN;1996;27,2
ISL;WOMEN;1997;25,8
ISL;WOMEN;1998;25,1
ISL;WOMEN;1999;25,5
ISL;WOMEN;2000;22
ISL;WOMEN;2001;22,1
ISL;WOMEN;2002;20,4
ISL;WOMEN;2003;19,2
ISL;WOMEN;2004;18,6
ISL;WOMEN;2005;19,2
ISL;WOMEN;2006;17
ISL;WOMEN;2007;17,6
ISL;WOMEN;2008;15
ISL;WOMEN;2009;15,2
ISL;WOMEN;2010;13,9
ISL;WOMEN;2011;14,2
ISL;WOMEN;2012;12,8
ISL;WOMEN;2013;12,1
ISL;WOMEN;2014;13
ISL;WOMEN;2015;11
ISL;WOMEN;2016;10,8
ISL;WOMEN;2017;9,7
ISL;WOMEN;2018;9,1
ISL;WOMEN;2019;8,4
ISL;WOMEN;2020;7,9
IRL;MEN;1973;49
IRL;MEN;1981;39
IRL;MEN;1985;37
IRL;MEN;1986;36
IRL;MEN;1987;34
IRL;MEN;1988;30
IRL;MEN;1989;32
IRL;MEN;1990;31
IRL;MEN;1991;30
IRL;MEN;1992;30
IRL;MEN;1993;31
IRL;MEN;1994;29
IRL;MEN;1998;34
IRL;MEN;2002;27
IRL;MEN;2007;25
IRL;MEN;2015;20
IRL;MEN;2016;21
IRL;MEN;2017;20
IRL;MEN;2018;19
IRL;MEN;2019;16
IRL;WOMEN;1972;43,3
IRL;WOMEN;1973;42,2
IRL;WOMEN;1974;40,3
IRL;WOMEN;1975;39,2
IRL;WOMEN;1976;37,2
IRL;WOMEN;1977;38,3
IRL;WOMEN;1978;35,3
IRL;WOMEN;1979;34,9
IRL;WOMEN;1980;34,1
IRL;WOMEN;1985;32
IRL;WOMEN;1986;27
IRL;WOMEN;1987;27
IRL;WOMEN;1988;27
IRL;WOMEN;1989;27
IRL;WOMEN;1990;29
IRL;WOMEN;1991;27
IRL;WOMEN;1992;30
IRL;WOMEN;1993;26
IRL;WOMEN;1994;28
IRL;WOMEN;1998;32
IRL;WOMEN;2002;27
IRL;WOMEN;2007;22
IRL;WOMEN;2015;17
IRL;WOMEN;2016;17
IRL;WOMEN;2017;17
IRL;WOMEN;2018;15
IRL;WOMEN;2019;12
ITA;MEN;1980;54,3
ITA;MEN;1983;45,6
ITA;MEN;1986;40,8
ITA;MEN;1990;37,8
ITA;MEN;1993;35,6
ITA;MEN;1994;34,5
ITA;MEN;1995;34,4
ITA;MEN;1996;35,4
ITA;MEN;1997;33,6
ITA;MEN;1998;32,6
ITA;MEN;1999;32,8
ITA;MEN;2000;31,9
ITA;MEN;2001;31,6
ITA;MEN;2002;31,3
ITA;MEN;2003;31,4
ITA;MEN;2005;28,7
ITA;MEN;2006;29,2
ITA;MEN;2007;28,6
ITA;MEN;2008;28,9
ITA;MEN;2009;29,9
ITA;MEN;2010;29,6
ITA;MEN;2011;28,7
ITA;MEN;2012;28,1
ITA;MEN;2013;26,7
ITA;MEN;2014;24,8
ITA;MEN;2015;24,9
ITA;MEN;2016;25,1
ITA;MEN;2017;25,1
ITA;MEN;2018;23,5
ITA;MEN;2019;22,7
ITA;WOMEN;1980;16,7
ITA;WOMEN;1983;17,7
ITA;WOMEN;1986;17,4
ITA;WOMEN;1990;17,8
ITA;WOMEN;1993;16,6
ITA;WOMEN;1994;16,9
ITA;WOMEN;1995;17,4
ITA;WOMEN;1996;18
ITA;WOMEN;1997;17,5
ITA;WOMEN;1998;17,5
ITA;WOMEN;1999;17,3
ITA;WOMEN;2000;17,4
ITA;WOMEN;2001;17,1
ITA;WOMEN;2002;17,2
ITA;WOMEN;2003;17,6
ITA;WOMEN;2005;16,4
ITA;WOMEN;2006;17,2
ITA;WOMEN;2007;16,6
ITA;WOMEN;2008;16,4
ITA;WOMEN;2009;17,1
ITA;WOMEN;2010;17,1
ITA;WOMEN;2011;16,8
ITA;WOMEN;2012;16,5
ITA;WOMEN;2013;15,9
ITA;WOMEN;2014;14,9
ITA;WOMEN;2015;15,8
ITA;WOMEN;2016;15,3
ITA;WOMEN;2017;15
ITA;WOMEN;2018;15,1
ITA;WOMEN;2019;14,9
JPN;MEN;1965;82,3
JPN;MEN;1966;83,7
JPN;MEN;1967;82,3
JPN;MEN;1968;78,5
JPN;MEN;1969;79,1
JPN;MEN;1970;77,5
JPN;MEN;1971;77,4
JPN;MEN;1972;77,6
JPN;MEN;1973;78,3
JPN;MEN;1974;78,8
JPN;MEN;1975;76,2
JPN;MEN;1976;75,1
JPN;MEN;1977;75,1
JPN;MEN;1978;74,7
JPN;MEN;1979;73,1
JPN;MEN;1980;70,2
JPN;MEN;1981;70,8
JPN;MEN;1982;70,1
JPN;MEN;1983;66,1
JPN;MEN;1984;65,5
JPN;MEN;1985;64,6
JPN;MEN;1986;62,5
JPN;MEN;1987;61,6
JPN;MEN;1988;61,2
JPN;MEN;1989;55,3
JPN;MEN;1990;53,1
JPN;MEN;1991;50,6
JPN;MEN;1992;50,1
JPN;MEN;1993;44,8
JPN;MEN;1994;43,8
JPN;MEN;1995;52,7
JPN;MEN;1996;51,2
JPN;MEN;1997;52,7
JPN;MEN;1998;50,8
JPN;MEN;1999;49,2
JPN;MEN;2000;47,4
JPN;MEN;2001;45,9
JPN;MEN;2002;43,3
JPN;MEN;2003;46,8
JPN;MEN;2004;43,3
JPN;MEN;2005;39,3
JPN;MEN;2006;39,9
JPN;MEN;2007;39,4
JPN;MEN;2008;36,8
JPN;MEN;2009;38,2
JPN;MEN;2010;32,2
JPN;MEN;2011;32,4
JPN;MEN;2012;34,1
JPN;MEN;2013;32,2
JPN;MEN;2014;32,2
JPN;MEN;2015;30,1
JPN;MEN;2016;30,2
JPN;MEN;2017;29,4
JPN;MEN;2018;29
JPN;MEN;2019;27,1
JPN;WOMEN;1965;15,7
JPN;WOMEN;1966;18
JPN;WOMEN;1967;17,7
JPN;WOMEN;1968;15,4
JPN;WOMEN;1969;15,4
JPN;WOMEN;1970;15,6
JPN;WOMEN;1971;14,7
JPN;WOMEN;1972;15,5
JPN;WOMEN;1973;15,1
JPN;WOMEN;1974;16,7
JPN;WOMEN;1975;15,1
JPN;WOMEN;1976;15,4
JPN;WOMEN;1977;15,1
JPN;WOMEN;1978;16,2
JPN;WOMEN;1979;15,4
JPN;WOMEN;1980;14,4
JPN;WOMEN;1981;15,3
JPN;WOMEN;1982;15,4
JPN;WOMEN;1983;13,5
JPN;WOMEN;1984;14
JPN;WOMEN;1985;13,7
JPN;WOMEN;1986;12,6
JPN;WOMEN;1987;13,4
JPN;WOMEN;1988;13,1
JPN;WOMEN;1989;9,4
JPN;WOMEN;1990;9,7
JPN;WOMEN;1991;9,7
JPN;WOMEN;1992;9
JPN;WOMEN;1993;8,9
JPN;WOMEN;1994;9,1
JPN;WOMEN;1995;10,6
JPN;WOMEN;1996;9,8
JPN;WOMEN;1997;11,6
JPN;WOMEN;1998;10,9
JPN;WOMEN;1999;10,3
JPN;WOMEN;2000;11,5
JPN;WOMEN;2001;9,9
JPN;WOMEN;2002;10,2
JPN;WOMEN;2003;11,3
JPN;WOMEN;2004;12
JPN;WOMEN;2005;11,3
JPN;WOMEN;2006;10
JPN;WOMEN;2007;11
JPN;WOMEN;2008;9,1
JPN;WOMEN;2009;10,9
JPN;WOMEN;2010;8,4
JPN;WOMEN;2011;9,7
JPN;WOMEN;2012;9
JPN;WOMEN;2013;8,2
JPN;WOMEN;2014;8,5
JPN;WOMEN;2015;7,9
JPN;WOMEN;2016;8,2
JPN;WOMEN;2017;7,2
JPN;WOMEN;2018;8,1
JPN;WOMEN;2019;7,6
KOR;MEN;1989;65,7
KOR;MEN;1992;65,7
KOR;MEN;1995;66,7
KOR;MEN;1998;58,2
KOR;MEN;2001;52,9
KOR;MEN;2005;47,3
KOR;MEN;2007;43
KOR;MEN;2008;45,3
KOR;MEN;2009;44,3
KOR;MEN;2010;40,8
KOR;MEN;2011;41,6
KOR;MEN;2012;37,6
KOR;MEN;2013;36,2
KOR;MEN;2014;36,6
KOR;MEN;2015;31,4
KOR;MEN;2016;32,9
KOR;MEN;2017;31,6
KOR;MEN;2018;30,5
KOR;MEN;2019;28,5
KOR;WOMEN;1989;6,4
KOR;WOMEN;1992;5,4
KOR;WOMEN;1995;5,5
KOR;WOMEN;1998;5,5
KOR;WOMEN;2001;4,2
KOR;WOMEN;2005;4,7
KOR;WOMEN;2007;5,4
KOR;WOMEN;2008;7,4
KOR;WOMEN;2009;7
KOR;WOMEN;2010;5,2
KOR;WOMEN;2011;5,1
KOR;WOMEN;2012;5,8
KOR;WOMEN;2013;4,3
KOR;WOMEN;2014;4
KOR;WOMEN;2015;3,4
KOR;WOMEN;2016;4,1
KOR;WOMEN;2017;3,5
KOR;WOMEN;2018;4,5
KOR;WOMEN;2019;4,4
LUX;MEN;2001;29
LUX;MEN;2002;30
LUX;MEN;2003;34
LUX;MEN;2004;30
LUX;MEN;2005;27
LUX;MEN;2006;24
LUX;MEN;2007;24
LUX;MEN;2008;23
LUX;MEN;2009;22
LUX;MEN;2010;20,9
LUX;MEN;2011;18,4
LUX;MEN;2012;18,4
LUX;MEN;2013;17,6
LUX;MEN;2014;17
LUX;MEN;2015;16
LUX;MEN;2016;17,3
LUX;MEN;2017;18,1
LUX;MEN;2018;15,7
LUX;MEN;2019;17,6
LUX;MEN;2020;17,7
LUX;WOMEN;2001;23
LUX;WOMEN;2002;22
LUX;WOMEN;2003;22
LUX;WOMEN;2004;23
LUX;WOMEN;2005;19
LUX;WOMEN;2006;18
LUX;WOMEN;2007;18
LUX;WOMEN;2008;18
LUX;WOMEN;2009;17
LUX;WOMEN;2010;15,7
LUX;WOMEN;2011;15,5
LUX;WOMEN;2012;15,2
LUX;WOMEN;2013;13,9
LUX;WOMEN;2014;13,7
LUX;WOMEN;2015;13,9
LUX;WOMEN;2016;12,6
LUX;WOMEN;2017;14
LUX;WOMEN;2018;13,4
LUX;WOMEN;2019;16
LUX;WOMEN;2020;16,1
MEX;MEN;2000;20,5
MEX;MEN;2002;23,7
MEX;MEN;2006;21,6
MEX;MEN;2008;16
MEX;MEN;2009;11,8
MEX;MEN;2011;15,5
MEX;MEN;2015;11,9
MEX;MEN;2017;12
MEX;WOMEN;2000;6,4
MEX;WOMEN;2002;7,5
MEX;WOMEN;2006;6,5
MEX;WOMEN;2008;6,1
MEX;WOMEN;2009;3,7
MEX;WOMEN;2011;5,5
MEX;WOMEN;2015;3,6
MEX;WOMEN;2017;3,6
NLD;MEN;1966;81
NLD;MEN;1967;78
NLD;MEN;1970;75
NLD;MEN;1971;69
NLD;MEN;1975;66
NLD;MEN;1978;56
NLD;MEN;1979;52
NLD;MEN;1980;52
NLD;MEN;1981;47
NLD;MEN;1982;41
NLD;MEN;1983;50
NLD;MEN;1984;44
NLD;MEN;1985;43
NLD;MEN;1986;42
NLD;MEN;1987;41
NLD;MEN;1988;37
NLD;MEN;1989;36
NLD;MEN;1990;43
NLD;MEN;1991;44
NLD;MEN;1992;43
NLD;MEN;1993;42
NLD;MEN;1994;43
NLD;MEN;1995;41
NLD;MEN;1996;41
NLD;MEN;1997;39
NLD;MEN;1998;39
NLD;MEN;1999;36
NLD;MEN;2000;35
NLD;MEN;2001;32,3
NLD;MEN;2002;30,9
NLD;MEN;2003;29,2
NLD;MEN;2004;28,6
NLD;MEN;2005;28,4
NLD;MEN;2006;28,8
NLD;MEN;2007;25,4
NLD;MEN;2008;25,9
NLD;MEN;2009;25,5
NLD;MEN;2010;23,1
NLD;MEN;2011;23,5
NLD;MEN;2012;20,6
NLD;MEN;2013;20,9
NLD;MEN;2014;21,7
NLD;MEN;2015;21,2
NLD;MEN;2016;20,9
NLD;MEN;2017;19,5
NLD;MEN;2018;17,8
NLD;MEN;2019;17,7
NLD;WOMEN;1966;40
NLD;WOMEN;1967;42
NLD;WOMEN;1970;42
NLD;WOMEN;1971;40
NLD;WOMEN;1975;40
NLD;WOMEN;1978;39
NLD;WOMEN;1979;38
NLD;WOMEN;1980;34
NLD;WOMEN;1981;36
NLD;WOMEN;1982;33
NLD;WOMEN;1983;34
NLD;WOMEN;1984;33
NLD;WOMEN;1985;34
NLD;WOMEN;1986;34
NLD;WOMEN;1987;33
NLD;WOMEN;1988;29
NLD;WOMEN;1989;29
NLD;WOMEN;1990;32
NLD;WOMEN;1991;33
NLD;WOMEN;1992;31
NLD;WOMEN;1993;31
NLD;WOMEN;1994;32
NLD;WOMEN;1995;31
NLD;WOMEN;1996;32
NLD;WOMEN;1997;32
NLD;WOMEN;1998;31
NLD;WOMEN;1999;32
NLD;WOMEN;2000;29
NLD;WOMEN;2001;25,4
NLD;WOMEN;2002;24,5
NLD;WOMEN;2003;24,3
NLD;WOMEN;2004;22,3
NLD;WOMEN;2005;22,1
NLD;WOMEN;2006;21,7
NLD;WOMEN;2007;21
NLD;WOMEN;2008;20,8
NLD;WOMEN;2009;19,8
NLD;WOMEN;2010;18,8
NLD;WOMEN;2011;18,3
NLD;WOMEN;2012;16,3
NLD;WOMEN;2013;16,3
NLD;WOMEN;2014;16,7
NLD;WOMEN;2015;16,9
NLD;WOMEN;2016;15,2
NLD;WOMEN;2017;14,1
NLD;WOMEN;2018;13,4
NLD;WOMEN;2019;13,1
NZL;MEN;1976;40
NZL;MEN;1981;35
NZL;MEN;1983;35
NZL;MEN;1984;34
NZL;MEN;1985;30
NZL;MEN;1986;29
NZL;MEN;1987;31
NZL;MEN;1988;29
NZL;MEN;1989;27
NZL;MEN;1990;28
NZL;MEN;1991;27
NZL;MEN;1992;27
NZL;MEN;1993;28
NZL;MEN;1994;28
NZL;MEN;1995;27
NZL;MEN;1996;26
NZL;MEN;1997;26
NZL;MEN;1998;26
NZL;MEN;1999;26
NZL;MEN;2000;25
NZL;MEN;2001;25
NZL;MEN;2002;25
NZL;MEN;2003;24
NZL;MEN;2004;23
NZL;MEN;2005;22,5
NZL;MEN;2006;21,9
NZL;MEN;2007;19,3
NZL;MEN;2012;16,7
NZL;MEN;2013;16,2
NZL;MEN;2014;17,2
NZL;MEN;2015;16,1
NZL;MEN;2016;15,6
NZL;MEN;2017;15,1
NZL;MEN;2018;14,3
NZL;MEN;2019;13,9
NZL;MEN;2020;12,2
NZL;WOMEN;1976;32
NZL;WOMEN;1981;29
NZL;WOMEN;1983;31
NZL;WOMEN;1984;31
NZL;WOMEN;1985;30
NZL;WOMEN;1986;31
NZL;WOMEN;1987;28
NZL;WOMEN;1988;29
NZL;WOMEN;1989;27
NZL;WOMEN;1990;27
NZL;WOMEN;1991;26
NZL;WOMEN;1992;27
NZL;WOMEN;1993;26
NZL;WOMEN;1994;26
NZL;WOMEN;1995;26
NZL;WOMEN;1996;26
NZL;WOMEN;1997;27
NZL;WOMEN;1998;24
NZL;WOMEN;1999;25
NZL;WOMEN;2000;25
NZL;WOMEN;2001;25
NZL;WOMEN;2002;24
NZL;WOMEN;2003;23
NZL;WOMEN;2004;21
NZL;WOMEN;2005;22,5
NZL;WOMEN;2006;19,5
NZL;WOMEN;2007;17
NZL;WOMEN;2012;15,8
NZL;WOMEN;2013;15,1
NZL;WOMEN;2014;14,3
NZL;WOMEN;2015;13,9
NZL;WOMEN;2016;12,9
NZL;WOMEN;2017;12,6
NZL;WOMEN;2018;11,9
NZL;WOMEN;2019;11,1
NZL;WOMEN;2020;11
NOR;MEN;1973;51
NOR;MEN;1974;53
NOR;MEN;1975;48
NOR;MEN;1976;49
NOR;MEN;1977;44
NOR;MEN;1978;45
NOR;MEN;1979;43
NOR;MEN;1980;42
NOR;MEN;1981;40
NOR;MEN;1982;40
NOR;MEN;1983;42
NOR;MEN;1984;42
NOR;MEN;1985;42
NOR;MEN;1986;39
NOR;MEN;1987;40
NOR;MEN;1988;41
NOR;MEN;1989;37
NOR;MEN;1990;36
NOR;MEN;1991;36
NOR;MEN;1992;37
NOR;MEN;1993;38
NOR;MEN;1994;35
NOR;MEN;1995;33
NOR;MEN;1996;34
NOR;MEN;1997;35
NOR;MEN;1998;34
NOR;MEN;1999;32
NOR;MEN;2000;31
NOR;MEN;2001;30
NOR;MEN;2002;29
NOR;MEN;2003;27
NOR;MEN;2004;27
NOR;MEN;2005;26
NOR;MEN;2006;23
NOR;MEN;2007;22
NOR;MEN;2008;21
NOR;MEN;2009;21
NOR;MEN;2010;19
NOR;MEN;2011;17
NOR;MEN;2012;16
NOR;MEN;2013;15
NOR;MEN;2014;14
NOR;MEN;2015;13
NOR;MEN;2016;13
NOR;MEN;2017;12
NOR;MEN;2018;12
NOR;MEN;2019;9
NOR;MEN;2020;9
NOR;WOMEN;1973;32
NOR;WOMEN;1974;32
NOR;WOMEN;1975;32
NOR;WOMEN;1976;32
NOR;WOMEN;1977;30
NOR;WOMEN;1978;31
NOR;WOMEN;1979;33
NOR;WOMEN;1980;30
NOR;WOMEN;1981;31
NOR;WOMEN;1982;34
NOR;WOMEN;1983;32
NOR;WOMEN;1984;34
NOR;WOMEN;1985;32
NOR;WOMEN;1986;31
NOR;WOMEN;1987;33
NOR;WOMEN;1988;35
NOR;WOMEN;1989;34
NOR;WOMEN;1990;33
NOR;WOMEN;1991;33
NOR;WOMEN;1992;32
NOR;WOMEN;1993;36
NOR;WOMEN;1994;31
NOR;WOMEN;1995;32
NOR;WOMEN;1996;33
NOR;WOMEN;1997;33
NOR;WOMEN;1998;32
NOR;WOMEN;1999;32
NOR;WOMEN;2000;32
NOR;WOMEN;2001;29
NOR;WOMEN;2002;30
NOR;WOMEN;2003;25
NOR;WOMEN;2004;25
NOR;WOMEN;2005;24
NOR;WOMEN;2006;24
NOR;WOMEN;2007;22
NOR;WOMEN;2008;22
NOR;WOMEN;2009;20
NOR;WOMEN;2010;19
NOR;WOMEN;2011;18
NOR;WOMEN;2012;16
NOR;WOMEN;2013;14
NOR;WOMEN;2014;13
NOR;WOMEN;2015;13
NOR;WOMEN;2016;11
NOR;WOMEN;2017;10
NOR;WOMEN;2018;11
NOR;WOMEN;2019;9
NOR;WOMEN;2020;9
POL;MEN;1996;43,8
POL;MEN;2001;37
POL;MEN;2004;33,9
POL;MEN;2009;30,9
POL;MEN;2014;28,8
POL;MEN;2019;20,8
POL;WOMEN;1996;20,5
POL;WOMEN;2001;19,5
POL;WOMEN;2004;19,3
POL;WOMEN;2009;17,9
POL;WOMEN;2014;17,2
POL;WOMEN;2019;14,1
PRT;MEN;1987;33,6
PRT;MEN;1996;32,7
PRT;MEN;1999;32
PRT;MEN;2006;27,2
PRT;MEN;2014;23,5
PRT;MEN;2019;20,2
PRT;WOMEN;1987;5,1
PRT;WOMEN;1996;7,6
PRT;WOMEN;1999;10,1
PRT;WOMEN;2006;11
PRT;WOMEN;2014;10,9
PRT;WOMEN;2019;9
SVK;MEN;2003;32,8
SVK;MEN;2009;27,1
SVK;MEN;2014;30,4
SVK;MEN;2019;26,9
SVK;WOMEN;2003;14,3
SVK;WOMEN;2009;12,5
SVK;WOMEN;2014;15,8
SVK;WOMEN;2019;15,4
ESP;MEN;1985;55
ESP;MEN;1987;55,1
ESP;MEN;1989;51,5
ESP;MEN;1993;44
ESP;MEN;1995;43,5
ESP;MEN;1997;42,1
ESP;MEN;2001;39,2
ESP;MEN;2003;34,2
ESP;MEN;2006;31,6
ESP;MEN;2009;31,2
ESP;MEN;2011;27,9
ESP;MEN;2014;27,6
ESP;MEN;2017;25,6
ESP;MEN;2020;23,3
ESP;WOMEN;1985;27
ESP;WOMEN;1987;22,9
ESP;WOMEN;1989;21,4
ESP;WOMEN;1993;20,8
ESP;WOMEN;1995;24,5
ESP;WOMEN;1997;24,8
ESP;WOMEN;2001;24,6
ESP;WOMEN;2003;22,4
ESP;WOMEN;2006;21,5
ESP;WOMEN;2009;21,3
ESP;WOMEN;2011;20,2
ESP;WOMEN;2014;18,6
ESP;WOMEN;2017;18,8
ESP;WOMEN;2020;16,4
SWE;MEN;1977;40,9
SWE;MEN;1980;36,3
SWE;MEN;1981;34
SWE;MEN;1982;33,7
SWE;MEN;1983;31,8
SWE;MEN;1984;33,2
SWE;MEN;1985;29,9
SWE;MEN;1986;28,8
SWE;MEN;1987;29,3
SWE;MEN;1988;27,7
SWE;MEN;1989;25,5
SWE;MEN;1990;25,8
SWE;MEN;1991;25,7
SWE;MEN;1992;25,2
SWE;MEN;1993;23,3
SWE;MEN;1994;21,6
SWE;MEN;1995;22
SWE;MEN;1996;21,2
SWE;MEN;1997;16,5
SWE;MEN;1998;17
SWE;MEN;1999;19,2
SWE;MEN;2000;16,8
SWE;MEN;2001;17,9
SWE;MEN;2002;18,8
SWE;MEN;2003;17,8
SWE;MEN;2004;16,9
SWE;MEN;2005;17,6
SWE;MEN;2006;16,3
SWE;MEN;2007;14,9
SWE;MEN;2008;16,3
SWE;MEN;2009;14,6
SWE;MEN;2010;14,7
SWE;MEN;2011;13,9
SWE;MEN;2012;12,4
SWE;MEN;2013;9,8
SWE;MEN;2014;11,7
SWE;MEN;2015;11,7
SWE;MEN;2016;10,6
SWE;MEN;2017;10,5
SWE;MEN;2018;11
SWE;MEN;2019;10,1
SWE;WOMEN;1977;32,3
SWE;WOMEN;1980;28,7
SWE;WOMEN;1981;26,9
SWE;WOMEN;1982;27,7
SWE;WOMEN;1983;26,4
SWE;WOMEN;1984;28
SWE;WOMEN;1985;27,2
SWE;WOMEN;1986;26,5
SWE;WOMEN;1987;26,1
SWE;WOMEN;1988;26,3
SWE;WOMEN;1989;26,2
SWE;WOMEN;1990;25,9
SWE;WOMEN;1991;24,4
SWE;WOMEN;1992;26,6
SWE;WOMEN;1993;23,4
SWE;WOMEN;1994;23,8
SWE;WOMEN;1995;23,6
SWE;WOMEN;1996;23,3
SWE;WOMEN;1997;21,9
SWE;WOMEN;1998;21,1
SWE;WOMEN;1999;19,4
SWE;WOMEN;2000;21
SWE;WOMEN;2001;19,9
SWE;WOMEN;2002;16,1
SWE;WOMEN;2003;16,5
SWE;WOMEN;2004;14,8
SWE;WOMEN;2005;13,8
SWE;WOMEN;2006;14,1
SWE;WOMEN;2007;12,8
SWE;WOMEN;2008;12,9
SWE;WOMEN;2009;13,3
SWE;WOMEN;2010;12,5
SWE;WOMEN;2011;12,4
SWE;WOMEN;2012;13,1
SWE;WOMEN;2013;11,7
SWE;WOMEN;2014;12,1
SWE;WOMEN;2015;10,7
SWE;WOMEN;2016;11,2
SWE;WOMEN;2017;10,3
SWE;WOMEN;2018;9,2
SWE;WOMEN;2019;10,6
CHE;MEN;1992;34
CHE;MEN;1997;33,5
CHE;MEN;2002;30,7
CHE;MEN;2007;23,4
CHE;MEN;2012;23,1
CHE;MEN;2017;21,5
CHE;WOMEN;1992;22,9
CHE;WOMEN;1997;24,7
CHE;WOMEN;2002;22,7
CHE;WOMEN;2007;17,6
CHE;WOMEN;2012;17,8
CHE;WOMEN;2017;16,8
TUR;MEN;1989;67,6
TUR;MEN;1995;62,8
TUR;MEN;2003;51,1
TUR;MEN;2006;50,6
TUR;MEN;2008;43,8
TUR;MEN;2010;39
TUR;MEN;2012;37,3
TUR;MEN;2014;41,8
TUR;MEN;2016;40,1
TUR;MEN;2019;41,3
TUR;WOMEN;1989;27,1
TUR;WOMEN;1995;24,3
TUR;WOMEN;2003;17,8
TUR;WOMEN;2006;16,6
TUR;WOMEN;2008;11,6
TUR;WOMEN;2010;12,3
TUR;WOMEN;2012;10,7
TUR;WOMEN;2014;13,1
TUR;WOMEN;2016;13,3
TUR;WOMEN;2019;14,9
GBR;MEN;1960;61
GBR;MEN;1961;59
GBR;MEN;1962;57
GBR;MEN;1963;54
GBR;MEN;1964;54
GBR;MEN;1965;54
GBR;MEN;1966;54
GBR;MEN;1967;54
GBR;MEN;1968;55
GBR;MEN;1969;54
GBR;MEN;1970;55
GBR;MEN;1971;51
GBR;MEN;1972;51
GBR;MEN;1973;49
GBR;MEN;1974;51
GBR;MEN;1976;46
GBR;MEN;1978;45
GBR;MEN;1980;42
GBR;MEN;1982;38
GBR;MEN;1984;36
GBR;MEN;1986;35
GBR;MEN;1988;33
GBR;MEN;1990;31
GBR;MEN;1992;30
GBR;MEN;1994;28
GBR;MEN;1996;29
GBR;MEN;1998;28
GBR;MEN;2000;29
GBR;MEN;2001;28
GBR;MEN;2002;27
GBR;MEN;2003;28
GBR;MEN;2004;26
GBR;MEN;2005;25
GBR;MEN;2006;23
GBR;MEN;2007;22
GBR;MEN;2008;22
GBR;MEN;2009;22
GBR;MEN;2010;21
GBR;MEN;2011;21
GBR;MEN;2012;22
GBR;MEN;2013;22
GBR;MEN;2014;20
GBR;MEN;2015;19,1
GBR;MEN;2016;17,7
GBR;MEN;2017;18,7
GBR;MEN;2018;17
GBR;MEN;2019;17,7
GBR;WOMEN;1960;42
GBR;WOMEN;1961;43
GBR;WOMEN;1962;42
GBR;WOMEN;1963;43
GBR;WOMEN;1964;41
GBR;WOMEN;1965;42
GBR;WOMEN;1966;45
GBR;WOMEN;1967;44
GBR;WOMEN;1968;43
GBR;WOMEN;1969;44
GBR;WOMEN;1970;44
GBR;WOMEN;1971;42
GBR;WOMEN;1972;42
GBR;WOMEN;1973;43
GBR;WOMEN;1974;41
GBR;WOMEN;1976;38
GBR;WOMEN;1978;37
GBR;WOMEN;1980;37
GBR;WOMEN;1982;33
GBR;WOMEN;1984;32
GBR;WOMEN;1986;31
GBR;WOMEN;1988;30
GBR;WOMEN;1990;30
GBR;WOMEN;1992;28
GBR;WOMEN;1994;26
GBR;WOMEN;1996;27
GBR;WOMEN;1998;27
GBR;WOMEN;2000;25
GBR;WOMEN;2001;26
GBR;WOMEN;2002;25
GBR;WOMEN;2003;24
GBR;WOMEN;2004;23
GBR;WOMEN;2005;23
GBR;WOMEN;2006;21
GBR;WOMEN;2007;20
GBR;WOMEN;2008;21
GBR;WOMEN;2009;20
GBR;WOMEN;2010;20
GBR;WOMEN;2011;19
GBR;WOMEN;2012;19
GBR;WOMEN;2013;17
GBR;WOMEN;2014;17
GBR;WOMEN;2015;16,6
GBR;WOMEN;2016;14,5
GBR;WOMEN;2017;15
GBR;WOMEN;2018;16,2
GBR;WOMEN;2019;13,8
USA;MEN;1965;51,9
USA;MEN;1966;52,5
USA;MEN;1967;47,8
USA;MEN;1968;45,9
USA;MEN;1970;44,1
USA;MEN;1974;43,1
USA;MEN;1976;41,9
USA;MEN;1977;40,9
USA;MEN;1978;38
USA;MEN;1979;37,4
USA;MEN;1980;37,4
USA;MEN;1983;35,1
USA;MEN;1985;32,6
USA;MEN;1987;31,2
USA;MEN;1988;30,8
USA;MEN;1990;28,4
USA;MEN;1991;24,2
USA;MEN;1992;23,6
USA;MEN;1993;22,3
USA;MEN;1994;22,9
USA;MEN;1995;22
USA;MEN;1997;22,6
USA;MEN;1998;21,6
USA;MEN;1999;20,8
USA;MEN;2000;21,2
USA;MEN;2001;20,3
USA;MEN;2002;20,5
USA;MEN;2003;19,4
USA;MEN;2004;19
USA;MEN;2005;19,1
USA;MEN;2006;19
USA;MEN;2007;17,1
USA;MEN;2008;17,9
USA;MEN;2009;17,9
USA;MEN;2010;16,7
USA;MEN;2011;16,4
USA;MEN;2012;15,9
USA;MEN;2013;15,6
USA;MEN;2014;14
USA;MEN;2015;12,2
USA;MEN;2016;13,2
USA;MEN;2017;11,5
USA;MEN;2018;11,5
USA;MEN;2019;11,7
USA;WOMEN;1965;33,9
USA;WOMEN;1966;33,9
USA;WOMEN;1967;31,4
USA;WOMEN;1968;30,5
USA;WOMEN;1970;31,5
USA;WOMEN;1974;32,1
USA;WOMEN;1976;32
USA;WOMEN;1977;32,1
USA;WOMEN;1978;30,6
USA;WOMEN;1979;29,9
USA;WOMEN;1980;29,3
USA;WOMEN;1983;29,5
USA;WOMEN;1985;27,9
USA;WOMEN;1987;26,5
USA;WOMEN;1988;25,7
USA;WOMEN;1990;22,8
USA;WOMEN;1991;20,2
USA;WOMEN;1992;21,2
USA;WOMEN;1993;18,7
USA;WOMEN;1994;19,1
USA;WOMEN;1995;18,3
USA;WOMEN;1997;18,1
USA;WOMEN;1998;18,2
USA;WOMEN;1999;17,8
USA;WOMEN;2000;17,3
USA;WOMEN;2001;17,1
USA;WOMEN;2002;16,5
USA;WOMEN;2003;15,7
USA;WOMEN;2004;15,1
USA;WOMEN;2005;14,9
USA;WOMEN;2006;14,5
USA;WOMEN;2007;13,7
USA;WOMEN;2008;15,1
USA;WOMEN;2009;14,4
USA;WOMEN;2010;13,6
USA;WOMEN;2011;13,3
USA;WOMEN;2012;12,5
USA;WOMEN;2013;11,9
USA;WOMEN;2014;11,8
USA;WOMEN;2015;10,7
USA;WOMEN;2016;10,5
USA;WOMEN;2017;9,5
USA;WOMEN;2018;9,1
USA;WOMEN;2019;10
BRA;MEN;2003;21,8
BRA;MEN;2006;20,3
BRA;MEN;2007;20,9
BRA;MEN;2008;20,5
BRA;MEN;2009;19
BRA;MEN;2010;17,9
BRA;MEN;2011;18,1
BRA;MEN;2012;15,5
BRA;MEN;2013;14,4
BRA;MEN;2014;12,8
BRA;MEN;2015;12,8
BRA;MEN;2016;12,7
BRA;MEN;2017;13,2
BRA;MEN;2018;12,1
BRA;MEN;2019;12,3
BRA;WOMEN;2003;13,7
BRA;WOMEN;2006;12,8
BRA;WOMEN;2007;12,6
BRA;WOMEN;2008;12,4
BRA;WOMEN;2009;12,5
BRA;WOMEN;2010;12,7
BRA;WOMEN;2011;12
BRA;WOMEN;2012;9,2
BRA;WOMEN;2013;8,6
BRA;WOMEN;2014;9
BRA;WOMEN;2015;8,3
BRA;WOMEN;2016;8
BRA;WOMEN;2017;7,5
BRA;WOMEN;2018;6,9
BRA;WOMEN;2019;7,7
CHL;MEN;2003;38,8
CHL;MEN;2009;33,7
CHL;MEN;2016;28,2
CHL;WOMEN;2003;28,5
CHL;WOMEN;2009;26
CHL;WOMEN;2016;20,9
CHN;MEN;2007;45,1
CHN;MEN;2010;44,1
CHN;MEN;2012;43,5
CHN;MEN;2014;42,7
CHN;MEN;2016;42,1
CHN;MEN;2018;41,5
CHN;WOMEN;2007;2,2
CHN;WOMEN;2010;2
CHN;WOMEN;2012;1,8
CHN;WOMEN;2014;1,7
CHN;WOMEN;2016;1,6
CHN;WOMEN;2018;1,5
COL;MEN;2008;23,8
COL;MEN;2013;18,8
COL;WOMEN;2008;11,1
COL;WOMEN;2013;7,4
CRI;MEN;1990;28
CRI;MEN;1991;27,2
CRI;MEN;1992;26,4
CRI;MEN;1993;25,6
CRI;MEN;1994;24,8
CRI;MEN;1995;24,2
CRI;MEN;1996;23,2
CRI;MEN;1997;22,3
CRI;MEN;1998;21,5
CRI;MEN;1999;20,7
CRI;MEN;2000;18,7
CRI;MEN;2001;19,1
CRI;MEN;2002;18,3
CRI;MEN;2003;17,5
CRI;MEN;2004;16,7
CRI;MEN;2005;15,9
CRI;MEN;2006;15,1
CRI;MEN;2007;14,3
CRI;MEN;2008;13,5
CRI;MEN;2009;12,7
CRI;MEN;2010;11,8
CRI;MEN;2011;11
CRI;MEN;2012;10,2
CRI;MEN;2013;9,4
CRI;MEN;2014;8,6
CRI;MEN;2015;8,7
CRI;MEN;2016;7
CRI;MEN;2017;6,2
CRI;MEN;2018;5,4
CRI;WOMEN;1990;7,6
CRI;WOMEN;1991;7,4
CRI;WOMEN;1992;7,3
CRI;WOMEN;1993;7,1
CRI;WOMEN;1994;7
CRI;WOMEN;1995;5,3
CRI;WOMEN;1996;6,6
CRI;WOMEN;1997;6,5
CRI;WOMEN;1998;6,3
CRI;WOMEN;1999;6,1
CRI;WOMEN;2000;6,1
CRI;WOMEN;2001;5,8
CRI;WOMEN;2002;5,7
CRI;WOMEN;2003;5,5
CRI;WOMEN;2004;5,3
CRI;WOMEN;2005;5,2
CRI;WOMEN;2006;5
CRI;WOMEN;2007;4,8
CRI;WOMEN;2008;4,7
CRI;WOMEN;2009;4,5
CRI;WOMEN;2010;4,4
CRI;WOMEN;2011;4,2
CRI;WOMEN;2012;4
CRI;WOMEN;2013;3,9
CRI;WOMEN;2014;3,7
CRI;WOMEN;2015;2,9
CRI;WOMEN;2016;3,4
CRI;WOMEN;2017;3,2
CRI;WOMEN;2018;3,1
EST;MEN;1990;44,2
EST;MEN;1992;45,1
EST;MEN;1994;49,5
EST;MEN;1996;45,4
EST;MEN;1998;43,2
EST;MEN;2000;45
EST;MEN;2002;43,9
EST;MEN;2004;47,7
EST;MEN;2006;40,5
EST;MEN;2008;38,6
EST;MEN;2010;36,8
EST;MEN;2012;36,2
EST;MEN;2014;31,4
EST;MEN;2016;29,9
EST;MEN;2018;23,4
EST;MEN;2020;25,7
EST;WOMEN;1990;14,5
EST;WOMEN;1992;17,9
EST;WOMEN;1994;21,4
EST;WOMEN;1996;20,8
EST;WOMEN;1998;19,3
EST;WOMEN;2000;20
EST;WOMEN;2002;17,5
EST;WOMEN;2004;21,1
EST;WOMEN;2006;19,5
EST;WOMEN;2008;17,1
EST;WOMEN;2010;18,7
EST;WOMEN;2012;18,3
EST;WOMEN;2014;15,8
EST;WOMEN;2016;15,5
EST;WOMEN;2018;12,9
EST;WOMEN;2020;12,6
IND;MEN;2007;20,3
IND;MEN;2010;20
IND;MEN;2012;19,6
IND;MEN;2014;19,4
IND;MEN;2016;19,1
IND;MEN;2018;18,9
IND;WOMEN;2007;3,6
IND;WOMEN;2010;2,7
IND;WOMEN;2012;2,2
IND;WOMEN;2014;1,7
IND;WOMEN;2016;1,4
IND;WOMEN;2018;1,2
IDN;MEN;2007;52,3
IDN;MEN;2010;52,9
IDN;MEN;2012;53,6
IDN;MEN;2014;53,8
IDN;MEN;2016;54,1
IDN;MEN;2018;54,4
IDN;WOMEN;2007;1,5
IDN;WOMEN;2010;1,2
IDN;WOMEN;2012;1,1
IDN;WOMEN;2014;0,9
IDN;WOMEN;2016;0,8
IDN;WOMEN;2018;0,7
ISR;MEN;1996;34,1
ISR;MEN;2000;34
ISR;MEN;2002;29,1
ISR;MEN;2004;27,8
ISR;MEN;2006;25,6
ISR;MEN;2008;26,7
ISR;MEN;2010;24,8
ISR;MEN;2013;21,9
ISR;MEN;2014;23,2
ISR;MEN;2016;25,3
ISR;MEN;2017;21,3
ISR;MEN;2019;21,7
ISR;WOMEN;1996;16
ISR;WOMEN;2000;15,4
ISR;WOMEN;2002;15,3
ISR;WOMEN;2004;15,7
ISR;WOMEN;2006;13,9
ISR;WOMEN;2008;11,1
ISR;WOMEN;2010;12,6
ISR;WOMEN;2013;10,8
ISR;WOMEN;2014;11,4
ISR;WOMEN;2016;14,1
ISR;WOMEN;2017;12,8
ISR;WOMEN;2019;11,4
LVA;MEN;2008;46,3
LVA;MEN;2014;37
LVA;MEN;2019;35,2
LVA;WOMEN;2008;13
LVA;WOMEN;2014;14,6
LVA;WOMEN;2019;12,3
LTU;MEN;2005;42,1
LTU;MEN;2014;33,9
LTU;MEN;2019;29,9
LTU;WOMEN;2005;9,8
LTU;WOMEN;2014;9,2
LTU;WOMEN;2019;9,7
RUS;MEN;1991;47
RUS;MEN;1998;62
RUS;MEN;2000;62,2
RUS;MEN;2001;60,4
RUS;MEN;2004;61,3
RUS;MEN;2009;60,7
RUS;MEN;2016;49,5
RUS;MEN;2017;45,9
RUS;MEN;2018;44,7
RUS;MEN;2019;43,2
RUS;WOMEN;1991;12
RUS;WOMEN;1998;10,9
RUS;WOMEN;2000;12,6
RUS;WOMEN;2001;15,5
RUS;WOMEN;2004;15
RUS;WOMEN;2009;21,7
RUS;WOMEN;2016;14,4
RUS;WOMEN;2017;13,9
RUS;WOMEN;2018;13,7
RUS;WOMEN;2019;13,3
SVN;MEN;2007;22,4
SVN;MEN;2014;21,8
SVN;MEN;2019;19,3
SVN;WOMEN;2007;15,5
SVN;WOMEN;2014;16
SVN;WOMEN;2019;15,6
ZAF;MEN;2007;29,9
ZAF;MEN;2010;29,5
ZAF;MEN;2012;29,3
ZAF;MEN;2014;29,2
ZAF;MEN;2016;29
ZAF;MEN;2018;28,8
ZAF;WOMEN;2007;7,9
ZAF;WOMEN;2010;7,3
ZAF;WOMEN;2012;6,9
ZAF;WOMEN;2014;6,5
ZAF;WOMEN;2016;6,1
ZAF;WOMEN;2018;5,8
