"idPop"','"Sexe"','"annee"','"taux"','"idP"
('1TOT1964','TOT','1964','43','1')
('1TOT1966','TOT','1966','40','1')
('1TOT1969','TOT','1969','37','1')
('1TOT1974','TOT','1974','37,8','1')
('1TOT1976','TOT','1976','38,4','1')
('1TOT1980','TOT','1980','36','1')
('1TOT1983','TOT','1983','35,4','1')
('1TOT1986','TOT','1986','30,6','1')
('1TOT1989','TOT','1989','28,6','1')
('1TOT1992','TOT','1992','26','1')
('1TOT1995','TOT','1995','24,1','1')
('1TOT1998','TOT','1998','22,1','1')
('1TOT2001','TOT','2001','19,6','1')
('1TOT2004','TOT','2004','17,8','1')
('1TOT2007','TOT','2007','16,9','1')
('1TOT2010','TOT','2010','15,3','1')
('1TOT2013','TOT','2013','13','1')
('1TOT2016','TOT','2016','12,4','1')
('1TOT2019','TOT','2019','11,2','1')
('2TOT1972','TOT','1972','22,9','2')
('2TOT1979','TOT','1979','23,5','2')
('2TOT1986','TOT','1986','25,5','2')
('2TOT1997','TOT','1997','24,3','2')
('2TOT2006','TOT','2006','23,2','2')
('2TOT2014','TOT','2014','24,3','2')
('2TOT2019','TOT','2019','20,6','2')
('3TOT1997','TOT','1997','25,5','3')
('3TOT2001','TOT','2001','24,1','3')
('3TOT2004','TOT','2004','23,7','3')
('3TOT2008','TOT','2008','20,5','3')
('3TOT2013','TOT','2013','18,9','3')
('3TOT2018','TOT','2018','15,4','3')
('4TOT1964','TOT','1964','42','4')
('4TOT1965','TOT','1965','42,5','4')
('4TOT1966','TOT','1966','42,5','4')
('4TOT1967','TOT','1967','42','4')
('4TOT1968','TOT','1968','41','4')
('4TOT1969','TOT','1969','40','4')
('4TOT1970','TOT','1970','39,5','4')
('4TOT1971','TOT','1971','39,5','4')
('4TOT1972','TOT','1972','39','4')
('4TOT1979','TOT','1979','34,4','4')
('4TOT1981','TOT','1981','32,8','4')
('4TOT1983','TOT','1983','31,2','4')
('4TOT1985','TOT','1985','30,4','4')
('4TOT1986','TOT','1986','28,3','4')
('4TOT1988','TOT','1988','30,8','4')
('4TOT1989','TOT','1989','31','4')
('4TOT1990','TOT','1990','28,2','4')
('4TOT1991','TOT','1991','25,9','4')
('4TOT1994','TOT','1994','25,5','4')
('4TOT1996','TOT','1996','24,5','4')
('4TOT1998','TOT','1998','23,8','4')
('25TOT2001','TOT','2001','22,4','25')
('4TOT2003','TOT','2003','18,7','4') 
('4TOT2005','TOT','2005','17,3','4')
('4TOT2007','TOT','2007','18,2','4')
('4TOT2008','TOT','2008','17,5','4')
('4TOT2009','TOT','2009','16,2','4')
('4TOT2010','TOT','2010','16,3','4')
('4TOT2011','TOT','2011','15,7','4')
('4TOT2012','TOT','2012','16,1','4')
('4TOT2013','TOT','2013','14,9','4')
('4TOT2014','TOT','2014','14','4')
('4TOT2015','TOT','2015','13,1','4')
('4TOT2016','TOT','2016','12,5','4')
('4TOT2017','TOT','2017','12','4')
('4TOT2018','TOT','2018','11,3','4')
('4TOT2019','TOT','2019','10,3','4')
('5TOT1993','TOT','1993','26,1','5')
('5TOT1996','TOT','1996','26,2','5')
('5TOT1999','TOT','1999','23,5','5')
('5TOT2002','TOT','2002','24,1','5')
('5TOT2003','TOT','2003','27,2','5')
('5TOT2004','TOT','2004','25,4','5') 
('5TOT2005','TOT','2005','24,3','5')
('5TOT2006','TOT','2006','23,4','5')
('5TOT2007','TOT','2007','24','5')
('5TOT2008','TOT','2008','21,8','5')
('5TOT2009','TOT','2009','23,8','5')
('5TOT2010','TOT','2010','22,8','5')
('5TOT2011','TOT','2011','21,7','5')
('5TOT2012','TOT','2012','22,9','5')
('5TOT2013','TOT','2013','22,2','5')
('5TOT2014','TOT','2014','22,3','5')
('5TOT2015','TOT','2015','18,2','5')
('5TOT2016','TOT','2016','19,6','5')
('5TOT2017','TOT','2017','18,4','5')
('5TOT2018','TOT','2018','21,1','5')
('5TOT2019','TOT','2019','18,1','5')
('6TOT1970','TOT','1970','57,5','6')
('6TOT1971','TOT','1971','56','6')
('6TOT1972','TOT','1972','55','6')
('6TOT1973','TOT','1973','54,5','6')
('6TOT1974','TOT','1974','55','6')
('6TOT1975','TOT','1975','53','6')
('6TOT1976','TOT','1976','54','6')
('6TOT1977','TOT','1977','53','6')
('6TOT1978','TOT','1978','51,5','6')
('6TOT1979','TOT','1979','51','6')')
('6TOT1980','TOT','1980','50,5','6')
('6TOT1981','TOT','1981','49','6')
('6TOT1982','TOT','1982','48','6')
('6TOT1983','TOT','1983','48,5','6')
('6TOT1984','TOT','1984','47','6')
('6TOT1985','TOT','1985','46,5','6')
('6TOT1986','TOT','1986','49','6')
('6TOT1987','TOT','1987','46','6')
('6TOT1988','TOT','1988','44,5','6')
('6TOT1989','TOT','1989','44','6')
('6TOT1990','TOT','1990','44,5','6')
('6TOT1991','TOT','1991','44','6')
('6TOT1992','TOT','1992','42,5','6')
('6TOT1993','TOT','1993','42','6')
('6TOT1994','TOT','1994','37','6')
('6TOT1995','TOT','1995','35,5','6')
('6TOT1996','TOT','1996','34','6')
('6TOT1997','TOT','1997','32','6')
('6TOT1998','TOT','1998','31','6')
('6TOT1999','TOT','1999','31','6')
('6TOT2000','TOT','2000','30,5','6')
('6TOT2001','TOT','2001','29,5','6')
('6TOT2002','TOT','2002','28','6')
('6TOT2003','TOT','2003','28','6')
('6TOT2004','TOT','2004','26','6')
('6TOT2005','TOT','2005','26','6')
('6TOT2006','TOT','2006','25','6')
('6TOT2007','TOT','2007','24','6')
('6TOT2008','TOT','2008','23','6')
('6TOT2009','TOT','2009','19','6')
('6TOT2010','TOT','2010','20,9','6')
('6TOT2013','TOT','2013','17','6')
('6TOT2017','TOT','2017','16,9','6')
('7TOT1978','TOT','1978','26,6','7')
('7TOT1979','TOT','1979','27,2','7')
('7TOT1980','TOT','1980','26,1','7')
('7TOT1981','TOT','1981','27,2','7')
('7TOT1982','TOT','1982','24,4','7')
('7TOT1983','TOT','1983','24,9','7')
('7TOT1984','TOT','1984','24,6','7')
('7TOT1985','TOT','1985','22,8','7')
('7TOT1986','TOT','1986','25,1','7')
('7TOT1987','TOT','1987','26,7','7')
('7TOT1988','TOT','1988','26,7','7')
('7TOT1989','TOT','1989','25,9','7')
('7TOT1990','TOT','1990','25,9','7')
('7TOT1991','TOT','1991','27','7')
('7TOT1992','TOT','1992','26','7')
('7TOT1993','TOT','1993','23,9','7')
('7TOT1994','TOT','1994','22,7','7')
('7TOT1995','TOT','1995','24','7')
('7TOT1996','TOT','1996','22,4','7')
('7TOT1997','TOT','1997','24,1','7')
('7TOT1998','TOT','1998','25,1','7')
('7TOT1999','TOT','1999','23,2','7')
('7TOT2000','TOT','2000','23,4','7')
('7TOT2001','TOT','2001','23,8','7')
('7TOT2002','TOT','2002','23,4','7') 
('7TOT2003','TOT','2003','22,2','7')
('7TOT2004','TOT','2004','23','7')
('7TOT2005','TOT','2005','21,8','7')
('7TOT2006','TOT','2006','21,4','7')
('7TOT2007','TOT','2007','20,6','7')
('7TOT2008','TOT','2008','20,4','7')
('7TOT2009','TOT','2009','18,6','7')
('7TOT2010','TOT','2010','19','7')
('7TOT2011','TOT','2011','17,8','7')
('7TOT2012','TOT','2012','17','7')
('7TOT2013','TOT','2013','15,8','7')
('7TOT2014','TOT','2014','15,4','7')
('7TOT2015','TOT','2015','17,4','7')
('7TOT2016','TOT','2016','15','7')
('7TOT2017','TOT','2017','13','7')
('7TOT2018','TOT','2018','14','7')
('7TOT2019','TOT','2019','13','7')
('7TOT2020','TOT','2020','12','7')
('8TOT1960','TOT','1960','32','8')
('8TOT1965','TOT','1965','25','8')
('8TOT1967','TOT','1967','26','8')
('8TOT1988','TOT','1988','27','8')
('8TOT1989','TOT','1989','28','8')
('8TOT1990','TOT','1990','31','8')
('8TOT1991','TOT','1991','31','8')
('8TOT1992','TOT','1992','29','8')
('8TOT1993','TOT','1993','29','8')
('8TOT1994','TOT','1994','28','8')
('8TOT1995','TOT','1995','29','8')
('8TOT1996','TOT','1996','24','8')
('8TOT1997','TOT','1997','28','8')
('8TOT1998','TOT','1998','28','8')
('8TOT1999','TOT','1999','28','8')
('8TOT2000','TOT','2000','30','8')
('8TOT2005','TOT','2005','27,5','8')
('8TOT2010','TOT','2010','29,7','8')
('8TOT2014','TOT','2014','28,5','8')
('8TOT2015','TOT','2015','29,4','8')
('8TOT2016','TOT','2016','29,4','8')
('8TOT2017','TOT','2017','26,9','8')
('8TOT2018','TOT','2018','25,4','8')
('8TOT2019','TOT','2019','24','8')
('9TOT1978','TOT','1978','28,5','9')
('9TOT1989','TOT','1989','25,1','9')
('9TOT1992','TOT','1992','24,8','9')
('9TOT1995','TOT','1995','24,3','9')
('9TOT1999','TOT','1999','24,7','9')
('9TOT2003','TOT','2003','24,3','9')
('9TOT2005','TOT','2005','23,2','9')
('9TOT2009','TOT','2009','21,9','9')
('9TOT2013','TOT','2013','20,9','9')
('9TOT2017','TOT','2017','18,8','9')
('10TOT1998','TOT','1998','37,6','10')
('10TOT2000','TOT','2000','35','10')
('10TOT2004','TOT','2004','38,6','10')
('10TOT2006','TOT','2006','40','10')
('10TOT2008','TOT','2008','39,7','10')
('10TOT2009','TOT','2009','31,9','10')
('10TOT2014','TOT','2014','27,3','10')
('10TOT2019','TOT','2019','24,9','10')
('11TOT1994','TOT','1994','35,5','11')
('11TOT2000','TOT','2000','30,2','11')
('11TOT2003','TOT','2003','30,4','11')
('11TOT2009','TOT','2009','26,5','11')
('11TOT2014','TOT','2014','25,8','11')
('11TOT2019','TOT','2019','24,9','11')
('12TOT1987','TOT','1987','33','12')
('12TOT1988','TOT','1988','32,5','12')
('12TOT1989','TOT','1989','31,9','12')
('12TOT1990','TOT','1990','30,2','12')
('12TOT1991','TOT','1991','29,8','12')
('12TOT1992','TOT','1992','28,3','12')
('12TOT1993','TOT','1993','26,2','12')
('12TOT1994','TOT','1994','26,4','12')
('12TOT1995','TOT','1995','26,5','12')
('12TOT1996','TOT','1996','27,4','12')
('12TOT1997','TOT','1997','26,8','12')
('12TOT1998','TOT','1998','24,6','12')
('12TOT1999','TOT','1999','25','12')
('12TOT2000','TOT','2000','22,4','12')
('12TOT2001','TOT','2001','22,9','12')
('12TOT2002','TOT','2002','21,1','12')
('12TOT2003','TOT','2003','21,9','12')
('12TOT2004','TOT','2004','19,8','12')
('12TOT2005','TOT','2005','19,2','12')
('12TOT2006','TOT','2006','18,8','12')
('12TOT2007','TOT','2007','19','12')
('12TOT2008','TOT','2008','17,6','12')
('12TOT2009','TOT','2009','15,4','12')
('12TOT2010','TOT','2010','14,2','12')
('12TOT2011','TOT','2011','14,3','12')
('12TOT2012','TOT','2012','13,8','12')
('12TOT2013','TOT','2013','11,4','12')
('12TOT2014','TOT','2014','12,6','12')
('12TOT2015','TOT','2015','10,9','12')
('12TOT2016','TOT','2016','10,2','12')
('12TOT2017','TOT','2017','9,4','12')
('12TOT2018','TOT','2018','8,6','12')
('12TOT2019','TOT','2019','8,2','12')
('12TOT2020','TOT','2020','7,3','12')
('13TOT1973','TOT','1973','45,6','13')
('13TOT1985','TOT','1985','34,5','13')
('13TOT1986','TOT','1986','31,5','13')
('13TOT1987','TOT','1987','30,5','13')
('13TOT1988','TOT','1988','28,5','13')
('13TOT1989','TOT','1989','29,5','13')
('13TOT1990','TOT','1990','30','13')
('13TOT1991','TOT','1991','28,5','13')
('13TOT1992','TOT','1992','30','13')
('13TOT1993','TOT','1993','28,5','13')
('13TOT1994','TOT','1994','28','13')
('13TOT1998','TOT','1998','33','13')
('13TOT2002','TOT','2002','27','13')
('13TOT2007','TOT','2007','24','13')
('13TOT2015','TOT','2015','19','13')
('13TOT2016','TOT','2016','19','13')
('13TOT2017','TOT','2017','18','13')
('13TOT2018','TOT','2018','17','13')
('13TOT2019','TOT','2019','14','13')
('14TOT1980','TOT','1980','35,5','14')
('14TOT1983','TOT','1983','31,7','14')
('14TOT1986','TOT','1986','29,1','14')
('14TOT1990','TOT','1990','27,8','14')
('14TOT1993','TOT','1993','25,7','14')
('14TOT1994','TOT','1994','25,4','14')
('14TOT1995','TOT','1995','25,6','14')
('14TOT1996','TOT','1996','26,4','14')
('14TOT1997','TOT','1997','25,2','14')
('14TOT1998','TOT','1998','24,7','14')
('14TOT1999','TOT','1999','24,7','14')
('14TOT2000','TOT','2000','24,4','14')
('14TOT2001','TOT','2001','24,1','14')
('14TOT2002','TOT','2002','24','14')
('14TOT2003','TOT','2003','24,2','14')
('14TOT2005','TOT','2005','22,3','14')
('14TOT2006','TOT','2006','23','14')
('14TOT2007','TOT','2007','22,4','14')
('14TOT2008','TOT','2008','22,4','14')
('14TOT2009','TOT','2009','23,3','14')
('14TOT2010','TOT','2010','23,1','14')
('14TOT2011','TOT','2011','22,5','14')
('14TOT2012','TOT','2012','22,1','14')
('14TOT2013','TOT','2013','21,1','14')
('14TOT2014','TOT','2014','19,7','14')
('14TOT2015','TOT','2015','19,8','14')
('14TOT2016','TOT','2016','20','14')
('14TOT2017','TOT','2017','19,9','14')
('14TOT2018','TOT','2018','19,2','14')
('14TOT2019','TOT','2019','18,6','14')
('15TOT1965','TOT','1965','49','15')
('15TOT1966','TOT','1966','50,9','15')
('15TOT1967','TOT','1967','50','15')
('15TOT1968','TOT','1968','47','15')
('15TOT1969','TOT','1969','47,3','15')
('15TOT1970','TOT','1970','46,6','15')
('15TOT1971','TOT','1971','46,1','15')
('15TOT1972','TOT','1972','46,6','15')
('15TOT1973','TOT','1973','46,7','15')
('15TOT1974','TOT','1974','47,8','15')
('15TOT1975','TOT','1975','45,7','15')
('15TOT1976','TOT','1976','45,3','15')
('15TOT1977','TOT','1977','45,1','15')
('15TOT1978','TOT','1978','45,5','15')
('15TOT1979','TOT','1979','44,3','15')
('15TOT1980','TOT','1980','42,3','15')
('15TOT1981','TOT','1981','43,1','15')
('15TOT1982','TOT','1982','42,8','15')
('15TOT1983','TOT','1983','39,8','15')
('15TOT1984','TOT','1984','39,8','15')
('15TOT1985','TOT','1985','39,2','15')
('15TOT1986','TOT','1986','37,6','15')
('15TOT1987','TOT','1987','37,5','15')
('15TOT1988','TOT','1988','37,2','15')
('15TOT1989','TOT','1989','28,7','15')
('15TOT1990','TOT','1990','28,5','15')
('15TOT1991','TOT','1991','27,8','15')
('15TOT1992','TOT','1992','27,1','15')
('15TOT1993','TOT','1993','24,7','15')
('15TOT1994','TOT','1994','24,5','15')
('15TOT1995','TOT','1995','28,2','15')
('15TOT1996','TOT','1996','27,1','15')
('15TOT1997','TOT','1997','28,7','15')
('15TOT1998','TOT','1998','27,6','15')
('15TOT1999','TOT','1999','26,2','15')
('15TOT2000','TOT','2000','27','15')
('15TOT2001','TOT','2001','24,4','15')
('15TOT2002','TOT','2002','24','15')
('15TOT2003','TOT','2003','27,7','15')
('15TOT2004','TOT','2004','26,4','15')
('15TOT2005','TOT','2005','24,2','15')
('15TOT2006','TOT','2006','23,8','15')
('15TOT2007','TOT','2007','24,1','15')
('15TOT2008','TOT','2008','21,8','15')
('15TOT2009','TOT','2009','23,4','15')
('15TOT2010','TOT','2010','19,5','15')
('15TOT2011','TOT','2011','20,1','15')
('15TOT2012','TOT','2012','20,7','15')
('15TOT2013','TOT','2013','19,3','15')
('15TOT2014','TOT','2014','19,6','15')
('15TOT2015','TOT','2015','18,2','15')
('15TOT2016','TOT','2016','18,3','15')
('15TOT2017','TOT','2017','17,7','15')
('15TOT2018','TOT','2018','17,8','15')
('15TOT2019','TOT','2019','16,7','15')
('16TOT1989','TOT','1989','34,6','16')
('16TOT1992','TOT','1992','34,7','16')
('16TOT1995','TOT','1995','35,2','16')
('16TOT1998','TOT','1998','30,7','16')
('16TOT2001','TOT','2001','26,1','16')
('16TOT2005','TOT','2005','25,9','16')
('16TOT2007','TOT','2007','24','16')
('16TOT2008','TOT','2008','26,3','16')
('16TOT2009','TOT','2009','25,6','16')
('16TOT2010','TOT','2010','22,9','16')
('16TOT2011','TOT','2011','23,2','16')
('16TOT2012','TOT','2012','21,6','16')
('16TOT2013','TOT','2013','19,9','16')
('16TOT2014','TOT','2014','20','16')
('16TOT2015','TOT','2015','17,3','16')
('16TOT2016','TOT','2016','18,4','16')
('16TOT2017','TOT','2017','17,5','16')
('16TOT2018','TOT','2018','17,5','16')
('16TOT2019','TOT','2019','16,4','16')
('17TOT2001','TOT','2001','26','17')
('17TOT2002','TOT','2002','26','17')
('17TOT2003','TOT','2003','28','17')
('17TOT2004','TOT','2004','27','17')
('17TOT2005','TOT','2005','23','17')
('17TOT2006','TOT','2006','21','17')
('17TOT2007','TOT','2007','21','17')
('17TOT2008','TOT','2008','20','17')
('17TOT2009','TOT','2009','19','17')
('17TOT2010','TOT','2010','18,3','17')
('17TOT2011','TOT','2011','16,9','17')
('17TOT2012','TOT','2012','16,8','17')
('17TOT2013','TOT','2013','15,7','17')
('17TOT2014','TOT','2014','15,3','17')
('17TOT2015','TOT','2015','15','17')
('17TOT2016','TOT','2016','14,9','17')
('17TOT2017','TOT','2017','16','17')
('17TOT2018','TOT','2018','14,5','17')
('17TOT2019','TOT','2019','16,8','17')
('17TOT2020','TOT','2020','16,9','17')
('18TOT2000','TOT','2000','12,4','18')
('18TOT2002','TOT','2002','14,6','18')
('18TOT2006','TOT','2006','13','18')
('18TOT2008','TOT','2008','10,8','18')
('18TOT2009','TOT','2009','7,6','18')
('18TOT2011','TOT','2011','10,3','18')
('18TOT2012','TOT','2012','11,8','18')
('18TOT2015','TOT','2015','7,6','18')
('18TOT2017','TOT','2017','7,6','18')
('19TOT1966','TOT','1966','61','19')
('19TOT1967','TOT','1967','60','19')
('19TOT1970','TOT','1970','59','19')
('19TOT1971','TOT','1971','55','19')
('19TOT1975','TOT','1975','53','19')
('19TOT1978','TOT','1978','48','19')
('19TOT1979','TOT','1979','45','19')
('19TOT1980','TOT','1980','43','19')
('19TOT1981','TOT','1981','42','19')
('19TOT1982','TOT','1982','37','19')
('19TOT1983','TOT','1983','42','19')
('19TOT1984','TOT','1984','39','19')
('19TOT1985','TOT','1985','39','19')
('19TOT1986','TOT','1986','38','19')
('19TOT1987','TOT','1987','37','19')
('19TOT1988','TOT','1988','33','19')
('19TOT1989','TOT','1989','33','19')
('19TOT1990','TOT','1990','37','19')
('19TOT1991','TOT','1991','38','19')
('19TOT1992','TOT','1992','37','19')
('19TOT1993','TOT','1993','36','19')
('19TOT1994','TOT','1994','37','19')
('19TOT1995','TOT','1995','36','19')
('19TOT1996','TOT','1996','36','19')
('19TOT1997','TOT','1997','36','19')
('19TOT1998','TOT','1998','35','19')
('19TOT1999','TOT','1999','34','19')
('19TOT2000','TOT','2000','32','19')
('19TOT2001','TOT','2001','28,8','19')
('19TOT2002','TOT','2002','27,6','19')
('19TOT2003','TOT','2003','26,7','19')
('19TOT2004','TOT','2004','25,4','19')
('19TOT2005','TOT','2005','25,2','19')
('19TOT2006','TOT','2006','25,2','19')
('19TOT2007','TOT','2007','23,1','19')
('19TOT2008','TOT','2008','23,3','19')
('19TOT2009','TOT','2009','22,6','19')
('19TOT2010','TOT','2010','20,9','19')
('19TOT2011','TOT','2011','20,8','19')
('19TOT2012','TOT','2012','18,4','19')
('19TOT2013','TOT','2013','18,5','19')
('19TOT2014','TOT','2014','19,1','19')
('19TOT2015','TOT','2015','19','19')
('19TOT2016','TOT','2016','18','19')
('19TOT2017','TOT','2017','16,8','19')
('19TOT2018','TOT','2018','15,5','19')
('19TOT2019','TOT','2019','15,4','19')
('20TOT1976','TOT','1976','36','20')
('20TOT1981','TOT','1981','32','20')
('20TOT1983','TOT','1983','33','20')
('20TOT1984','TOT','1984','32','20')
('20TOT1985','TOT','1985','30','20')
('20TOT1986','TOT','1986','30','20')
('20TOT1987','TOT','1987','30','20')
('20TOT1988','TOT','1988','29','20')
('20TOT1989','TOT','1989','27','20')
('20TOT1990','TOT','1990','28','20')
('20TOT1991','TOT','1991','26','20')
('20TOT1992','TOT','1992','27','20')
('20TOT1993','TOT','1993','27','20')
('20TOT1994','TOT','1994','27','20')
('20TOT1995','TOT','1995','27','20')
('20TOT1996','TOT','1996','26','20')
('20TOT1997','TOT','1997','26','20')
('20TOT1998','TOT','1998','25','20')
('20TOT1999','TOT','1999','26','20')
('20TOT2000','TOT','2000','25','20')
('20TOT2001','TOT','2001','25','20')
('20TOT2002','TOT','2002','25','20')
('20TOT2003','TOT','2003','23','20')
('20TOT2004','TOT','2004','22','20')
('20TOT2005','TOT','2005','22,5','20')
('20TOT2006','TOT','2006','20,7','20')
('20TOT2007','TOT','2007','18,1','20')
('20TOT2012','TOT','2012','16,3','20')
('20TOT2013','TOT','2013','15,6','20')
('20TOT2014','TOT','2014','15,7','20')
('20TOT2015','TOT','2015','15','20')
('20TOT2016','TOT','2016','14,2','20')
('20TOT2017','TOT','2017','13,8','20')
('20TOT2018','TOT','2018','13,1','20')
('20TOT2019','TOT','2019','12,5','20')
('20TOT2020','TOT','2020','11,6','20')
('21TOT1973','TOT','1973','41','21')
('21TOT1974','TOT','1974','42','21')
('21TOT1975','TOT','1975','40','21')
('21TOT1976','TOT','1976','40','21')
('21TOT1977','TOT','1977','37','21')
('21TOT1978','TOT','1978','38','21')
('21TOT1979','TOT','1979','38','21')
('21TOT1980','TOT','1980','36','21')
('21TOT1981','TOT','1981','35','21')
('21TOT1982','TOT','1982','37','21')
('21TOT1983','TOT','1983','37','21')
('21TOT1984','TOT','1984','38','21')
('21TOT1985','TOT','1985','37','21')
('21TOT1986','TOT','1986','35','21')
('21TOT1987','TOT','1987','36','21')
('21TOT1988','TOT','1988','38','21')
('21TOT1989','TOT','1989','36','21')
('21TOT1990','TOT','1990','35','21')
('21TOT1991','TOT','1991','34','21')
('21TOT1992','TOT','1992','35','21')
('21TOT1993','TOT','1993','37','21')
('21TOT1994','TOT','1994','33','21')
('21TOT1995','TOT','1995','33','21')
('21TOT1996','TOT','1996','33','21')
('21TOT1997','TOT','1997','34','21')
('21TOT1998','TOT','1998','33','21')
('21TOT1999','TOT','1999','32','21')
('21TOT2000','TOT','2000','32','21')
('21TOT2001','TOT','2001','30','21')
('21TOT2002','TOT','2002','29','21')
('21TOT2003','TOT','2003','26','21')
('21TOT2004','TOT','2004','26','21')
('21TOT2005','TOT','2005','25','21')
('21TOT2006','TOT','2006','24','21')
('21TOT2007','TOT','2007','22','21')
('21TOT2008','TOT','2008','21','21')
('21TOT2009','TOT','2009','21','21')
('21TOT2010','TOT','2010','19','21')
('21TOT2011','TOT','2011','17','21')
('21TOT2012','TOT','2012','16','21')
('21TOT2013','TOT','2013','15','21')
('21TOT2014','TOT','2014','13','21')
('21TOT2015','TOT','2015','13','21')
('21TOT2016','TOT','2016','12','21')
('21TOT2017','TOT','2017','11','21')
('21TOT2018','TOT','2018','12','21')
('21TOT2019','TOT','2019','9','21')
('21TOT2020','TOT','2020','9','21')
('22TOT1996','TOT','1996','31,5','22')
('22TOT2001','TOT','2001','27,6','22')
('22TOT2004','TOT','2004','26,3','22')
('22TOT2009','TOT','2009','23,8','22')
('22TOT2014','TOT','2014','22,7','22')
('22TOT2019','TOT','2019','17,1','22')
('23TOT1987','TOT','1987','19','23')
('23TOT1996','TOT','1996','19,5','23')
('23TOT1999','TOT','1999','20,6','23')
('23TOT2006','TOT','2006','18,6','23')
('23TOT2014','TOT','2014','16,8','23')
('23TOT2019','TOT','2019','14,2','23')
('24TOT2003','TOT','2003','22,1','24')
('24TOT2009','TOT','2009','19,5','24')
('24TOT2014','TOT','2014','22,9','24')
('24TOT2019','TOT','2019','21','24')
('25TOT1985','TOT','1985','41','25')
('25TOT1987','TOT','1987','38,4','25')
('25TOT1989','TOT','1989','35,9','25')
('25TOT1993','TOT','1993','32,1','25')
('25TOT1995','TOT','1995','33,7','25')
('25TOT1997','TOT','1997','33,2','25')
('25TOT2001','TOT','2001','31,7','25')
('25TOT2003','TOT','2003','28,1','25')
('25TOT2006','TOT','2006','26,4','25')
('25TOT2009','TOT','2009','26,2','25')
('25TOT2011','TOT','2011','23,9','25')
('25TOT2014','TOT','2014','23','25')
('25TOT2017','TOT','2017','22,1','25')
('35TOT2020','TOT','2020','19,8','35')
('26TOT1980','TOT','1980','32,4','26')
('26TOT1981','TOT','1981','30,4','26')
('26TOT1982','TOT','1982','30,6','26')
('26TOT1983','TOT','1983','29','26')
('26TOT1984','TOT','1984','30,5','26')
('26TOT1985','TOT','1985','28,5','26')
('26TOT1986','TOT','1986','27,6','26')
('26TOT1987','TOT','1987','27,7','26')
('26TOT1988','TOT','1988','27','26')
('26TOT1989','TOT','1989','25,9','26')
('26TOT1990','TOT','1990','25,8','26')
('26TOT1991','TOT','1991','25,1','26')
('26TOT1992','TOT','1992','25,9','26')
('26TOT1993','TOT','1993','23,3','26')
('26TOT1994','TOT','1994','22,7','26')
('26TOT1995','TOT','1995','22,8','26')
('26TOT1996','TOT','1996','22,3','26')
('26TOT1997','TOT','1997','19,2','26')
('26TOT1998','TOT','1998','19,1','26')
('26TOT1999','TOT','1999','19,3','26')
('26TOT2000','TOT','2000','18,9','26')
('26TOT2001','TOT','2001','18,9','26')
('26TOT2002','TOT','2002','17,5','26')
('26TOT2003','TOT','2003','17,2','26')
('26TOT2004','TOT','2004','15,9','26')
('26TOT2005','TOT','2005','15,7','26')
('26TOT2006','TOT','2006','15,2','26')
('26TOT2007','TOT','2007','13,8','26')
('26TOT2008','TOT','2008','14,6','26')
('26TOT2009','TOT','2009','14','26')
('26TOT2010','TOT','2010','13,6','26')
('26TOT2011','TOT','2011','13,1','26')
('26TOT2012','TOT','2012','12,8','26')
('26TOT2013','TOT','2013','10,7','26')
('26TOT2014','TOT','2014','11,9','26')
('26TOT2015','TOT','2015','11,2','26')
('26TOT2016','TOT','2016','10,9','26')
('26TOT2017','TOT','2017','10,4','26')
('26TOT2018','TOT','2018','10,1','26')
('26TOT2019','TOT','2019','10,4','26')
('27TOT1992','TOT','1992','28,1','27')
('27TOT1997','TOT','1997','28,9','27')
('27TOT2002','TOT','2002','26,5','27')
('27TOT2007','TOT','2007','20,4','27')
('27TOT2012','TOT','2012','20,4','27')
('27TOT2017','TOT','2017','19,1','27')
('28TOT1989','TOT','1989','47,4','28')
('28TOT1995','TOT','1995','43,6','28')
('28TOT2003','TOT','2003','32,1','28')
('28TOT2006','TOT','2006','33,4','28')
('28TOT2008','TOT','2008','27,4','28')
('28TOT2010','TOT','2010','25,4','28')
('28TOT2012','TOT','2012','23,8','28')
('28TOT2014','TOT','2014','27,3','28')
('28TOT2016','TOT','2016','26,5','28')
('28TOT2019','TOT','2019','28','28')
('29TOT1960','TOT','1960','51,5','29')
('29TOT1961','TOT','1961','51','29')
('29TOT1962','TOT','1962','49,5','29')
('29TOT1963','TOT','1963','48,5','29')
('29TOT1964','TOT','1964','47,5','29')
('29TOT1965','TOT','1965','48','29')
('29TOT1966','TOT','1966','49,5','29')
('29TOT1967','TOT','1967','49','29')
('29TOT1968','TOT','1968','49','29')
('29TOT1969','TOT','1969','49','29')
('29TOT1970','TOT','1970','49,5','29')
('29TOT1971','TOT','1971','46,5','29')
('29TOT1972','TOT','1972','46,5','29')
('29TOT1973','TOT','1973','46','29')
('29TOT1974','TOT','1974','45','29')
('29TOT1976','TOT','1976','42','29')
('29TOT1978','TOT','1978','40','29')
('29TOT1980','TOT','1980','39','29')
('29TOT1982','TOT','1982','35','29')
('29TOT1984','TOT','1984','34','29')
('29TOT1986','TOT','1986','33','29')
('29TOT1988','TOT','1988','32','29')
('29TOT1990','TOT','1990','30','29')
('29TOT1992','TOT','1992','29','29')
('29TOT1994','TOT','1994','27','29')
('29TOT1996','TOT','1996','28','29')
('29TOT1998','TOT','1998','27','29')
('29TOT2000','TOT','2000','27','29')
('29TOT2001','TOT','2001','27','29')
('29TOT2002','TOT','2002','26','29')
('29TOT2003','TOT','2003','26','29')
('29TOT2004','TOT','2004','25','29')
('29TOT2005','TOT','2005','24','29')
('29TOT2006','TOT','2006','22','29')
('29TOT2007','TOT','2007','21','29')
('29TOT2008','TOT','2008','21','29')
('29TOT2009','TOT','2009','21','29')
('29TOT2010','TOT','2010','20','29')
('29TOT2011','TOT','2011','20','29')
('29TOT2012','TOT','2012','20','29')
('29TOT2013','TOT','2013','19','29')
('29TOT2014','TOT','2014','19','29')
('29TOT2015','TOT','2015','17,8','29')
('29TOT2016','TOT','2016','16,1','29')
('29TOT2017','TOT','2017','16,8','29')
('29TOT2018','TOT','2018','16,6','29')
('29TOT2019','TOT','2019','15,8','29')
('30TOT1965','TOT','1965','42,4','30')
('30TOT1966','TOT','1966','42,6','30')
('30TOT1967','TOT','1967','39,1','30')
('30TOT1968','TOT','1968','37,7','30')
('30TOT1970','TOT','1970','37,4','30')
('30TOT1974','TOT','1974','37,1','30')
('30TOT1976','TOT','1976','36,1','30')
('30TOT1977','TOT','1977','36','30')
('30TOT1978','TOT','1978','34,1','30')
('30TOT1979','TOT','1979','33,5','30')
('30TOT1980','TOT','1980','33,2','30')
('30TOT1983','TOT','1983','32,1','30')
('30TOT1985','TOT','1985','30,1','30')
('30TOT1987','TOT','1987','28,8','30')
('30TOT1988','TOT','1988','28,1','30')
('30TOT1990','TOT','1990','25,5','30')
('30TOT1991','TOT','1991','22,1','30')
('30TOT1992','TOT','1992','22,3','30')
('30TOT1993','TOT','1993','20,4','30')
('30TOT1994','TOT','1994','21','30')
('30TOT1995','TOT','1995','20','30')
('30TOT1997','TOT','1997','20,3','30')
('30TOT1998','TOT','1998','19,9','30')
('30TOT1999','TOT','1999','19,2','30')
('30TOT2000','TOT','2000','19,1','30')
('30TOT2001','TOT','2001','18,7','30')
('30TOT2002','TOT','2002','18,4','30')
('30TOT2003','TOT','2003','17,5','30')
('30TOT2004','TOT','2004','17','30')
('30TOT2005','TOT','2005','16,9','30')
('30TOT2006','TOT','2006','16,7','30')
('30TOT2007','TOT','2007','15,4','30')
('30TOT2008','TOT','2008','16,5','30')
('30TOT2009','TOT','2009','16,1','30')
('30TOT2010','TOT','2010','15,1','30')
('30TOT2011','TOT','2011','14,8','30')
('30TOT2012','TOT','2012','14,2','30')
('30TOT2013','TOT','2013','13,7','30')
('30TOT2014','TOT','2014','12,9','30')
('30TOT2015','TOT','2015','11,4','30')
('30TOT2016','TOT','2016','11,8','30')
('30TOT2017','TOT','2017','10,5','30') 
('30TOT2018','TOT','2018','10,3','30')
('30TOT2019','TOT','2019','10,9','30')
('31TOT2003','TOT','2003','17,6','31')
('31TOT2006','TOT','2006','16,2','31')
('31TOT2007','TOT','2007','16,4','31')
('31TOT2008','TOT','2008','16,1','31')
('31TOT2009','TOT','2009','15,5','31')
('31TOT2010','TOT','2010','15,1','31')
('31TOT2011','TOT','2011','14,8','31')
('31TOT2012','TOT','2012','12,1','31')
('31TOT2013','TOT','2013','11,3','31')
('31TOT2014','TOT','2014','10,8','31')
('31TOT2015','TOT','2015','10,4','31')
('31TOT2016','TOT','2016','10,2','31')
('31TOT2017','TOT','2017','10,1','31')
('31TOT2018','TOT','2018','9,3','31')
('31TOT2019','TOT','2019','9,8','31')
('32TOT2003','TOT','2003','33','32')
('32TOT2009','TOT','2009','29,8','32')
('32TOT2016','TOT','2016','24,5','32')
('33TOT2007','TOT','2007','23,7','33')
('33TOT2010','TOT','2010','23','33')
('33TOT2012','TOT','2012','22,7','33')
('33TOT2014','TOT','2014','22,2','33')
('33TOT2016','TOT','2016','21,9','33')
('33TOT2018','TOT','2018','21,5','33')
('35TOT1990','TOT','1990','27,5','34')
('35TOT1992','TOT','1992','30,9','34')
('35TOT1994','TOT','1994','33,5','34')
('35TOT1996','TOT','1996','31,9','34')
('35TOT1998','TOT','1998','29,7','34')
('35TOT2000','TOT','2000','30,3','34')
('35TOT2002','TOT','2002','28,3','34')
('35TOT2004','TOT','2004','32,8','34')
('35TOT2006','TOT','2006','27,8','34')
('35TOT2008','TOT','2008','26,2','34')
('35TOT2010','TOT','2010','26,2','34')
('35TOT2012','TOT','2012','26','34')
('35TOT2014','TOT','2014','22,1','34')
('35TOT2016','TOT','2016','21,3','34')
('35TOT2018','TOT','2018','17,2','34')
('35TOT2020','TOT','2020','17,9','34')
('35TOT2007','TOT','2007','12','35')
('35TOT2010','TOT','2010','11,3','35')
('35TOT2012','TOT','2012','10,9','35')
('35TOT2014','TOT','2014','10,6','35')
('35TOT2016','TOT','2016','10,3','35')
('35TOT2018','TOT','2018','10','35')
('36TOT2007','TOT','2007','26,9','36')
('36TOT2010','TOT','2010','27','36')
('36TOT2012','TOT','2012','27,3','36')
('36TOT2014','TOT','2014','27,4','36')
('36TOT2016','TOT','2016','27,5','36')
('36TOT2018','TOT','2018','27,6','36')
('37TOT1996','TOT','1996','24,5','37')
('37TOT2000','TOT','2000','24,1','37')
('37TOT2002','TOT','2002','21,9','37')
('37TOT2004','TOT','2004','21,6','37')
('37TOT2006','TOT','2006','19,5','37')
('37TOT2008','TOT','2008','18,7','37')
('37TOT2010','TOT','2010','18,5','37')
('37TOT2013','TOT','2013','16,2','37')
('37TOT2014','TOT','2014','17,1','37')
('37TOT2016','TOT','2016','19,6','37')
('37TOT2017','TOT','2017','16,9','37')
('37TOT2019','TOT','2019','16,4','37')
('38TOT1991','TOT','1991','30','38')
('38TOT1998','TOT','1998','33,9','38')
('38TOT2000','TOT','2000','34,9','38')
('38TOT2001','TOT','2001','35,1','38')
('38TOT2004','TOT','2004','35,8','38')
('38TOT2009','TOT','2009','39,4','38')
('38TOT2016','TOT','2016','30,3','38')
('38TOT2017','TOT','2017','27,5','38')
('38TOT2018','TOT','2018','26,7','38')
('38TOT2019','TOT','2019','25,8','38')
('39TOT2001','TOT','2001','22,4','39')
('39TOT2007','TOT','2007','18,9','39')
('39TOT2014','TOT','2014','18,9','39')
('39TOT2019','TOT','2019','17,4','39')
('40TOT2007','TOT','2007','18,9','40')
('40TOT2010','TOT','2010','18,4','40')
('40TOT2012','TOT','2012','18,1','40')
('40TOT2014','TOT','2014','17,8','40')
('40TOT2016','TOT','2016','17,6','40')
('40TOT2018','TOT','2018','17,3','40')
('41TOT2008','TOT','2008','17,1','41')
('41TOT2013','TOT','2013','13','41')
('42TOT2008','TOT','2008','28,1','42')
('42TOT2014','TOT','2014','24,6','42')
('42TOT2019','TOT','2019','22,6','42')
('43TOT2005','TOT','2005','24,5','43')
('43TOT2014','TOT','2014','20,3','43')
('43TOT2019','TOT','2019','18,9','43')
('44TOT1990','TOT','1990','18','44')
('44TOT1991','TOT','1991','17,5','44')
('44TOT1992','TOT','1992','17','44')
('44TOT1993','TOT','1993','16,5','44')
('44TOT1994','TOT','1994','16','44')
('44TOT1995','TOT','1995','14,7','44')
('44TOT1996','TOT','1996','15','44')
('44TOT1997','TOT','1997','14,6','44')
('44TOT1998','TOT','1998','14,1','44')
('44TOT1999','TOT','1999','13,6','44')
('44TOT2000','TOT','2000','12,5','44')
('44TOT2001','TOT','2001','12,6','44')
('44TOT2002','TOT','2002','12,1','44')
('44TOT2003','TOT','2003','11,6','44')
('44TOT2004','TOT','2004','11,1','44')
('44TOT2005','TOT','2005','10,6','44')
('44TOT2006','TOT','2006','10,1','44')
('44TOT2007','TOT','2007','9,6','44')
('44TOT2008','TOT','2008','9,2','44')
('44TOT2009','TOT','2009','8,7','44')
('44TOT2010','TOT','2010','8,2','44')
('44TOT2011','TOT','2011','7,7','44')
('44TOT2012','TOT','2012','7,2','44')
('44TOT2013','TOT','2013','6,7','44')
('44TOT2014','TOT','2014','6,2','44')
('44TOT2015','TOT','2015','5,8','44')
('44TOT2016','TOT','2016','5,2','44')
('44TOT2017','TOT','2017','4,7','44')
('44TOT2018','TOT','2018','4,2','44')
('1MEN1964','MEN','1964','58','1')
('1MEN1966','MEN','1966','55','1')
('1MEN1969','MEN','1969','45','1')
('1MEN1974','MEN','1974','45,3','1')
('1MEN1976','MEN','1976','43,9','1')
('1MEN1980','MEN','1980','41,1','1')
('1MEN1983','MEN','1983','40,3','1')
('1MEN1986','MEN','1986','32,9','1')
('1MEN1989','MEN','1989','30,2','1')
('1MEN1992','MEN','1992','28,2','1')
('1MEN1995','MEN','1995','26,3','1')
('1MEN1998','MEN','1998','24,4','1')
('1MEN2001','MEN','2001','21,2','1')
('1MEN2004','MEN','2004','19','1')
('1MEN2007','MEN','2007','18,3','1')
('1MEN2010','MEN','2010','16,6','1')
('1MEN2013','MEN','2013','14,7','1')
('1MEN2016','MEN','2016','14','1')
('1MEN2019','MEN','2019','12,4','1')
('1WOMEN1964','WOMEN','1964','28','1')
('1WOMEN1966','WOMEN','1966','26','1')
('1WOMEN1969','WOMEN','1969','28','1')
('1WOMEN1974','WOMEN','1974','29,6','1')
('1WOMEN1976','WOMEN','1976','32,5','1')
('1WOMEN1980','WOMEN','1980','31,1','1')
('1WOMEN1983','WOMEN','1983','30,9','1')
('1WOMEN1986','WOMEN','1986','28,5','1')
('1WOMEN1989','WOMEN','1989','27','1')
('1WOMEN1992','WOMEN','1992','23,8','1')
('1WOMEN1995','WOMEN','1995','22','1')
('1WOMEN1998','WOMEN','1998','19,8','1')
('1WOMEN2001','WOMEN','2001','18','1')
('1WOMEN2004','WOMEN','2004','16,5','1')
('1WOMEN2007','WOMEN','2007','15,4','1')
('1WOMEN2010','WOMEN','2010','14,1','1')
('1WOMEN2013','WOMEN','2013','11,3','1')
('1WOMEN2016','WOMEN','2016','10,8','1')
('1WOMEN2019','WOMEN','2019','10','1')
('2MEN1972','MEN','1972','38,7','2')
('2MEN1979','MEN','1979','35,3','2')
('2MEN1986','MEN','1986','34,6','2')
('2MEN1997','MEN','1997','30','2')
('2MEN2006','MEN','2006','27,3','2')
('2MEN2014','MEN','2014','26,5','2') 
('2MEN2019','MEN','2019','23,5','2')
('2WOMEN1972','WOMEN','1972','9,8','2')
('2WOMEN1979','WOMEN','1979','13,6','2')
('2WOMEN1986','WOMEN','1986','17,5','2')
('2WOMEN1997','WOMEN','1997','18,8','2')
('2WOMEN2006','WOMEN','2006','19,4','2')
('2WOMEN2014','WOMEN','2014','22,1','2')
('2WOMEN2019','WOMEN','2019','17,8','2')
('3MEN1997','MEN','1997','31,2','3')
('3MEN2001','MEN','2001','28,6','3')
('3MEN2004','MEN','2004','28','3')
('3MEN2008','MEN','2008','23,6','3')
('3MEN2013','MEN','2013','21,6','3')
('3MEN2018','MEN','2018','18,9','3')
('3WOMEN1997','WOMEN','1997','19,7','3')
('3WOMEN2001','WOMEN','2001','19,9','3')
('3WOMEN2004','WOMEN','2004','19,7','3')
('3WOMEN2008','WOMEN','2008','17,7','3')
('3WOMEN2013','WOMEN','2013','16,4','3')
('3WOMEN2018','WOMEN','2018','12,1','3')
('4MEN1964','MEN','1964','54','4')
('4MEN1965','MEN','1965','55','4')
('4MEN1966','MEN','1966','54','4')
('4MEN1967','MEN','1967','53','4')
('4MEN1968','MEN','1968','51','4')
('4MEN1969','MEN','1969','50','4')
('4MEN1970','MEN','1970','49','4')
('4MEN1971','MEN','1971','49','4')
('4MEN1972','MEN','1972','48','4')
('4MEN1979','MEN','1979','38,6','4')
('4MEN1981','MEN','1981','36,7','4')
('4MEN1983','MEN','1983','34','4')
('4MEN1985','MEN','1985','33,1','4')
('4MEN1986','MEN','1986','30,8','4')
('4MEN1988','MEN','1988','34,5','4')
('4MEN1989','MEN','1989','32,6','4')
('4MEN1990','MEN','1990','29,8','4')
('4MEN1991','MEN','1991','26,2','4')
('4MEN1994','MEN','1994','27,5','4')
('4MEN1996','MEN','1996','27','4')
('4MEN1998','MEN','1998','25,4','4')
('4MEN2001','MEN','2001','24,7','4')
('4MEN2003','MEN','2003','20,5','4')
('4MEN2005','MEN','2005','19,2','4')
('4MEN2007','MEN','2007','20,4','4')
('4MEN2008','MEN','2008','20','4')
('4MEN2009','MEN','2009','18,3','4')
('4MEN2010','MEN','2010','19','4')
('4MEN2011','MEN','2011','17,4','4')
('4MEN2012','MEN','2012','18,7','4')
('4MEN2013','MEN','2013','16,9','4')
('4MEN2014','MEN','2014','16,3','4')
('4MEN2015','MEN','2015','14,9','4')
('4MEN2016','MEN','2016','14,2','4')
('4MEN2017','MEN','2017','14,2','4')
('4MEN2018','MEN','2018','12,8','4')
('4MEN2019','MEN','2019','12','4')
('4WOMEN1964','WOMEN','1964','30','4')
('4WOMEN1965','WOMEN','1965','30','4')
('4WOMEN1966','WOMEN','1966','31','4')
('4WOMEN1967','WOMEN','1967','31','4')
('4WOMEN1968','WOMEN','1968','31','4')
('4WOMEN1969','WOMEN','1969','30','4')
('4WOMEN1970','WOMEN','1970','30','4')
('4WOMEN1971','WOMEN','1971','30','4')
('4WOMEN1972','WOMEN','1972','30','4')
('4WOMEN1979','WOMEN','1979','30,1','4')
('4WOMEN1981','WOMEN','1981','28,9','4')
('4WOMEN1983','WOMEN','1983','28,3','4')
('4WOMEN1985','WOMEN','1985','27,8','4')
('4WOMEN1986','WOMEN','1986','25,8','4')
('4WOMEN1988','WOMEN','1988','27','4')
('4WOMEN1989','WOMEN','1989','29,4','4')
('4WOMEN1990','WOMEN','1990','26,7','4')
('4WOMEN1991','WOMEN','1991','25,6','4')
('4WOMEN1994','WOMEN','1994','23,6','4')
('4WOMEN1996','WOMEN','1996','22,1','4')
('4WOMEN1998','WOMEN','1998','22,3','4')
('4WOMEN2001','WOMEN','2001','20,2','4')
('4WOMEN2003','WOMEN','2003','17','4')
('4WOMEN2005','WOMEN','2005','15,6','4')
('4WOMEN2007','WOMEN','2007','16,1','4')
('4WOMEN2008','WOMEN','2008','15,1','4')
('4WOMEN2009','WOMEN','2009','14,2','4')
('4WOMEN2010','WOMEN','2010','13,7','4')
('4WOMEN2011','WOMEN','2011','14','4')
('4WOMEN2012','WOMEN','2012','13,5','4')
('4WOMEN2013','WOMEN','2013','12,9','4')
('4WOMEN2014','WOMEN','2014','11,7','4')
('4WOMEN2015','WOMEN','2015','11,3','4')
('4WOMEN2016','WOMEN','2016','10,8','4')
('4WOMEN2017','WOMEN','2017','10','4')
('4WOMEN2018','WOMEN','2018','9,7','4')
('4WOMEN2019','WOMEN','2019','8,7','4')
('5MEN1993','MEN','1993','31,9','5')
('5MEN1996','MEN','1996','32,8','5')
('5MEN1999','MEN','1999','30,1','5')
('5MEN2002','MEN','2002','30,9','5')
('5MEN2003','MEN','2003','32,2','5')
('5MEN2004','MEN','2004','31,1','5')
('5MEN2005','MEN','2005','29,8','5')
('5MEN2006','MEN','2006','27,7','5')
('5MEN2007','MEN','2007','29,6','5')
('5MEN2008','MEN','2008','24,9','5')
('5MEN2009','MEN','2009','29,7','5')
('5MEN2010','MEN','2010','29,3','5')
('5MEN2011','MEN','2011','24,7','5')
('5MEN2012','MEN','2012','26,3','5')
('5MEN2013','MEN','2013','27,2','5')
('5MEN2014','MEN','2014','26,4','5')
('5MEN2015','MEN','2015','21,8','5')
('5MEN2016','MEN','2016','23,8','5')
('5MEN2017','MEN','2017','22,6','5')
('5MEN2018','MEN','2018','24,5','5')
('5MEN2019','MEN','2019','21,1','5')
('5WOMEN1993','WOMEN','1993','21','5')
('5WOMEN1996','WOMEN','1996','20,2','5')
('5WOMEN1999','WOMEN','1999','17,3','5')
('5WOMEN2002','WOMEN','2002','18,1','5')
('5WOMEN2003','WOMEN','2003','22,6','5')
('5WOMEN2004','WOMEN','2004','20,1','5')
('5WOMEN2005','WOMEN','2005','19,4','5')
('5WOMEN2006','WOMEN','2006','19,5','5')
('5WOMEN2007','WOMEN','2007','18,8','5')
('5WOMEN2008','WOMEN','2008','18,8','5')
('5WOMEN2009','WOMEN','2009','18','5')
('5WOMEN2010','WOMEN','2010','16,5','5')
('5WOMEN2011','WOMEN','2011','18,8','5')
('5WOMEN2012','WOMEN','2012','19,6','5')
('5WOMEN2013','WOMEN','2013','17,4','5')
('5WOMEN2014','WOMEN','2014','18,5','5')
('5WOMEN2015','WOMEN','2015','14,8','5')
('5WOMEN2016','WOMEN','2016','15,6','5')
('5WOMEN2017','WOMEN','2017','14,5','5')
('5WOMEN2018','WOMEN','2018','17,9','5')
('5WOMEN2019','WOMEN','2019','15,2','5')
('6MEN1967','MEN','1967','70','6')
('6MEN1968','MEN','1968','69','6')
('6MEN1969','MEN','1969','68','6')
('6MEN1970','MEN','1970','68','6')
('6MEN1971','MEN','1971','67','6')
('6MEN1972','MEN','1972','64','6')
('6MEN1973','MEN','1973','63','6')
('6MEN1974','MEN','1974','64','6')
('6MEN1975','MEN','1975','60','6')
('6MEN1976','MEN','1976','61','6')
('6MEN1977','MEN','1977','59','6')
('6MEN1978','MEN','1978','57','6')
('6MEN1979','MEN','1979','57','6')
('6MEN1980','MEN','1980','57','6')
('6MEN1981','MEN','1981','54','6')
('6MEN1982','MEN','1982','53','6')
('6MEN1983','MEN','1983','54','6')
('6MEN1984','MEN','1984','51','6')
('6MEN1985','MEN','1985','51','6')
('6MEN1986','MEN','1986','53','6')
('6MEN1987','MEN','1987','50','6')
('6MEN1988','MEN','1988','47','6')
('6MEN1989','MEN','1989','47','6')
('6MEN1990','MEN','1990','47','6')
('6MEN1991','MEN','1991','47','6')
('6MEN1992','MEN','1992','46','6')
('6MEN1993','MEN','1993','45','6')
('6MEN1994','MEN','1994','39','6')
('6MEN1995','MEN','1995','38','6')
('6MEN1996','MEN','1996','36','6')
('6MEN1997','MEN','1997','34','6')
('6MEN1998','MEN','1998','32','6')
('6MEN1999','MEN','1999','35','6')
('6MEN2000','MEN','2000','32','6')
('6MEN2001','MEN','2001','33,5','6')
('6MEN2002','MEN','2002','30,5','6')
('6MEN2003','MEN','2003','31','6')
('6MEN2004','MEN','2004','29','6')
('6MEN2005','MEN','2005','28','6')
('6MEN2006','MEN','2006','26','6')
('6MEN2007','MEN','2007','28','6')
('6MEN2008','MEN','2008','24','6')
('6MEN2009','MEN','2009','22','6')
('6MEN2010','MEN','2010','22,7','6')
('6MEN2013','MEN','2013','18,6','6')
('6MEN2017','MEN','2017','18,5','6')
('6WOMEN1970','WOMEN','1970','47','6')
('6WOMEN1971','WOMEN','1971','45','6')
('6WOMEN1972','WOMEN','1972','46','6')
('6WOMEN1973','WOMEN','1973','46','6')
('6WOMEN1974','WOMEN','1974','46','6')
('6WOMEN1975','WOMEN','1975','46','6')
('6WOMEN1976','WOMEN','1976','47','6')
('6WOMEN1977','WOMEN','1977','47','6')
('6WOMEN1978','WOMEN','1978','46','6')
('6WOMEN1979','WOMEN','1979','45','6')
('6WOMEN1980','WOMEN','1980','44','6')
('6WOMEN1981','WOMEN','1981','44','6')
('6WOMEN1982','WOMEN','1982','43','6')
('6WOMEN1983','WOMEN','1983','43','6')
('6WOMEN1984','WOMEN','1984','43','6')
('6WOMEN1985','WOMEN','1985','42','6')
('6WOMEN1986','WOMEN','1986','45','6')
('6WOMEN1987','WOMEN','1987','42','6')
('6WOMEN1988','WOMEN','1988','42','6')
('6WOMEN1989','WOMEN','1989','41','6')
('6WOMEN1990','WOMEN','1990','42','6')
('6WOMEN1991','WOMEN','1991','41','6')
('6WOMEN1992','WOMEN','1992','39','6')
('6WOMEN1993','WOMEN','1993','39','6')
('6WOMEN1994','WOMEN','1994','35','6')
('6WOMEN1995','WOMEN','1995','33','6')
('6WOMEN1996','WOMEN','1996','32','6')
('6WOMEN1997','WOMEN','1997','30','6')
('6WOMEN1998','WOMEN','1998','30','6')
('6WOMEN1999','WOMEN','1999','27','6')
('6WOMEN2000','WOMEN','2000','29','6')
('6WOMEN2001','WOMEN','2001','25,5','6')
('6WOMEN2002','WOMEN','2002','26','6')
('6WOMEN2003','WOMEN','2003','25','6')
('6WOMEN2004','WOMEN','2004','23','6')
('6WOMEN2005','WOMEN','2005','24','6')
('6WOMEN2006','WOMEN','2006','23','6')
('6WOMEN2007','WOMEN','2007','21','6')
('6WOMEN2008','WOMEN','2008','22','6')
('6WOMEN2009','WOMEN','2009','17','6')
('6WOMEN2010','WOMEN','2010','19,3','6')
('6WOMEN2013','WOMEN','2013','15,5','6')
('6WOMEN2017','WOMEN','2017','15,4','6')
('7MEN1978','MEN','1978','35,9','7')
('7MEN1979','MEN','1979','35,5','7')
('7MEN1980','MEN','1980','35,2','7')
('7MEN1981','MEN','1981','35,6','7')
('7MEN1982','MEN','1982','32','7')
('7MEN1983','MEN','1983','31,5','7')
('7MEN1984','MEN','1984','33,6','7')
('7MEN1985','MEN','1985','31,9','7')
('7MEN1986','MEN','1986','32,9','7')
('7MEN1987','MEN','1987','33,2','7')
('7MEN1988','MEN','1988','33,4','7')
('7MEN1989','MEN','1989','33,3','7')
('7MEN1990','MEN','1990','32,4','7')
('7MEN1991','MEN','1991','33,3','7')
('7MEN1992','MEN','1992','32,8','7')
('7MEN1993','MEN','1993','30,1','7')
('7MEN1994','MEN','1994','27,1','7')
('7MEN1995','MEN','1995','29,1','7')
('7MEN1996','MEN','1996','27,3','7')
('7MEN1997','MEN','1997','29,6','7')
('7MEN1998','MEN','1998','30,2','7')
('7MEN1999','MEN','1999','27','7')
('7MEN2000','MEN','2000','27,3','7')
('7MEN2001','MEN','2001','28,2','7')
('7MEN2002','MEN','2002','27,5','7')
('7MEN2003','MEN','2003','25,7','7')
('7MEN2004','MEN','2004','27,1','7')
('7MEN2005','MEN','2005','26','7')
('7MEN2006','MEN','2006','24,4','7')
('7MEN2007','MEN','2007','25,8','7')
('7MEN2008','MEN','2008','24','7')
('7MEN2009','MEN','2009','21,9','7')
('7MEN2010','MEN','2010','23,2','7')
('7MEN2011','MEN','2011','21,9','7')
('7MEN2012','MEN','2012','20,9','7')
('7MEN2013','MEN','2013','19,1','7')
('7MEN2014','MEN','2014','17,2','7')
('7MEN2015','MEN','2015','18,7','7')
('7MEN2016','MEN','2016','16','7')
('7MEN2017','MEN','2017','15','7')
('7MEN2018','MEN','2018','15','7')
('7MEN2019','MEN','2019','16','7')
('7MEN2020','MEN','2020','14','7')
('7WOMEN1978','WOMEN','1978','17,4','7')
('7WOMEN1979','WOMEN','1979','18,3','7')
('7WOMEN1980','WOMEN','1980','16,6','7')
('7WOMEN1981','WOMEN','1981','18,5','7')
('7WOMEN1982','WOMEN','1982','16','7')
('7WOMEN1983','WOMEN','1983','18,5','7')
('7WOMEN1984','WOMEN','1984','17,1','7')
('7WOMEN1985','WOMEN','1985','14,3','7')
('7WOMEN1986','WOMEN','1986','18,3','7')
('7WOMEN1987','WOMEN','1987','21,1','7')
('7WOMEN1988','WOMEN','1988','20,3','7')
('7WOMEN1989','WOMEN','1989','19,2','7')
('7WOMEN1990','WOMEN','1990','20','7')
('7WOMEN1991','WOMEN','1991','21,6','7')
('7WOMEN1992','WOMEN','1992','20','7')
('7WOMEN1993','WOMEN','1993','18,6','7')
('7WOMEN1994','WOMEN','1994','18,6','7')
('7WOMEN1995','WOMEN','1995','19,5','7')
('7WOMEN1996','WOMEN','1996','18,2','7')
('7WOMEN1997','WOMEN','1997','19,7','7')
('7WOMEN1998','WOMEN','1998','20,4','7')
('7WOMEN1999','WOMEN','1999','20,1','7')
('7WOMEN2000','WOMEN','2000','20,3','7')
('7WOMEN2001','WOMEN','2001','19,7','7')
('7WOMEN2002','WOMEN','2002','19,9','7')
('7WOMEN2003','WOMEN','2003','19,3','7')
('7WOMEN2004','WOMEN','2004','19,5','7')
('7WOMEN2005','WOMEN','2005','18,2','7')
('7WOMEN2006','WOMEN','2006','18,9','7')
('7WOMEN2007','WOMEN','2007','16,6','7')
('7WOMEN2008','WOMEN','2008','17,6','7')
('7WOMEN2009','WOMEN','2009','16','7')
('7WOMEN2010','WOMEN','2010','15,7','7')
('7WOMEN2011','WOMEN','2011','14,8','7')
('7WOMEN2012','WOMEN','2012','14','7')
('7WOMEN2013','WOMEN','2013','13,2','7')
('7WOMEN2014','WOMEN','2014','14','7')
('7WOMEN2015','WOMEN','2015','14,5','7')
('7WOMEN2016','WOMEN','2016','15','7')
('7WOMEN2017','WOMEN','2017','12','7')
('7WOMEN2018','WOMEN','2018','13','7')
('7WOMEN2019','WOMEN','2019','10','7')
('7WOMEN2020','WOMEN','2020','11','7')
('8MEN1960','MEN','1960','57','8')
('8MEN1965','MEN','1965','43','8')
('8MEN1967','MEN','1967','45','8')
('8MEN1988','MEN','1988','36','8')
('8MEN1989','MEN','1989','37','8')
('8MEN1990','MEN','1990','39','8')
('8MEN1991','MEN','1991','39','8')
('8MEN1992','MEN','1992','37','8')
('8MEN1993','MEN','1993','36','8')
('8MEN1994','MEN','1994','35','8')
('8MEN1995','MEN','1995','36','8')
('8MEN1996','MEN','1996','30','8')
('8MEN1997','MEN','1997','34','8')
('8MEN1998','MEN','1998','34','8')
('8MEN1999','MEN','1999','34','8')
('8MEN2000','MEN','2000','33,7','8')
('8MEN2005','MEN','2005','32','8')
('8MEN2010','MEN','2010','33,1','8')
('8MEN2014','MEN','2014','32,9','8')
('8MEN2015','MEN','2015','33,1','8')
('8MEN2016','MEN','2016','33','8')
('8MEN2017','MEN','2017','29,8','8')
('8MEN2018','MEN','2018','28,2','8')
('8MEN2019','MEN','2019','27,5','8')
('8WOMEN1960','WOMEN','1960','11','8')
('8WOMEN1965','WOMEN','1965','10','8')
('8WOMEN1967','WOMEN','1967','10','8')
('8WOMEN1988','WOMEN','1988','18','8')
('8WOMEN1989','WOMEN','1989','19','8')
('8WOMEN1990','WOMEN','1990','22','8')
('8WOMEN1991','WOMEN','1991','22','8')
('8WOMEN1992','WOMEN','1992','22','8')
('8WOMEN1993','WOMEN','1993','21','8')
('8WOMEN1994','WOMEN','1994','21','8')
('8WOMEN1995','WOMEN','1995','21','8')
('8WOMEN1996','WOMEN','1996','19','8')
('8WOMEN1997','WOMEN','1997','22','8')
('8WOMEN1998','WOMEN','1998','23','8')
('8WOMEN1999','WOMEN','1999','22','8')
('8WOMEN2000','WOMEN','2000','26,4','8')
('8WOMEN2005','WOMEN','2005','23,2','8')
('8WOMEN2010','WOMEN','2010','26,6','8')
('8WOMEN2014','WOMEN','2014','24,4','8')
('8WOMEN2015','WOMEN','2015','25,8','8')
('8WOMEN2016','WOMEN','2016','26','8')
('8WOMEN2017','WOMEN','2017','24,2','8')
('8WOMEN2018','WOMEN','2018','22,9','8')
('8WOMEN2019','WOMEN','2019','20,7','8')
('9MEN1978','MEN','1978','42,2','9')
('9MEN1989','MEN','1989','32,8','9')
('9MEN1992','MEN','1992','32,4','9')
('9MEN1995','MEN','1995','31,3','9')
('9MEN1999','MEN','1999','30,9','9')
('9MEN2003','MEN','2003','29,8','9')
('9MEN2005','MEN','2005','27,9','9')
('9MEN2009','MEN','2009','26,4','9')
('9MEN2013','MEN','2013','25,1','9')
('9MEN2017','MEN','2017','22,3','9')
('9WOMEN1978','WOMEN','1978','16,5','9')
('9WOMEN1989','WOMEN','1989','18','9')
('9WOMEN1992','WOMEN','1992','17,8','9')
('9WOMEN1995','WOMEN','1995','17,8','9')
('9WOMEN1999','WOMEN','1999','18,9','9')
('9WOMEN2003','WOMEN','2003','19,1','9')
('9WOMEN2005','WOMEN','2005','18,8','9')
('9WOMEN2009','WOMEN','2009','17,6','9')
('9WOMEN2013','WOMEN','2013','17,1','9')
('9WOMEN2017','WOMEN','2017','15,3','9')
('10MEN1998','MEN','1998','46,8','10')
('10MEN2000','MEN','2000','44','10')
('10MEN2004','MEN','2004','46','10')
('10MEN2006','MEN','2006','49,9','10')
('10MEN2008','MEN','2008','46,3','10')
('10MEN2009','MEN','2009','38','10')
('10MEN2014','MEN','2014','33,8','10')
('10MEN2019','MEN','2019','31,3','10')
('10WOMEN1998','WOMEN','1998','29','10')
('10WOMEN2000','WOMEN','2000','27','10')
('10WOMEN2004','WOMEN','2004','31,3','10')
('10WOMEN2006','WOMEN','2006','30,8','10')
('10WOMEN2008','WOMEN','2008','33,5','10')
('10WOMEN2009','WOMEN','2009','26,1','10')
('10WOMEN2014','WOMEN','2014','21,4','10')
('10WOMEN2019','WOMEN','2019','19','10')
('11MEN1994','MEN','1994','44','11')
('11MEN2000','MEN','2000','38,2','11')
('11MEN2003','MEN','2003','36,9','11')
('11MEN2009','MEN','2009','31,9','11')
('11MEN2014','MEN','2014','31,6','11')
('11MEN2019','MEN','2019','27,7','11')
('11WOMEN1994','WOMEN','1994','27','11')
('11WOMEN2000','WOMEN','2000','23','11')
('11WOMEN2003','WOMEN','2003','24,6','11')
('11WOMEN2009','WOMEN','2009','21,7','11')
('11WOMEN2014','WOMEN','2014','20,8','11')
('11WOMEN2019','WOMEN','2019','22,3','11')
('12MEN1987','MEN','1987','35,6','12')
('12MEN1988','MEN','1988','32,8','12')
('12MEN1989','MEN','1989','31','12')
('12MEN1990','MEN','1990','30,8','12')
('12MEN1991','MEN','1991','30,9','12')
('12MEN1992','MEN','1992','27,8','12')
('12MEN1993','MEN','1993','25,9','12')
('12MEN1994','MEN','1994','27,3','12')
('12MEN1995','MEN','1995','26,3','12')
('12MEN1996','MEN','1996','27,5','12')
('12MEN1997','MEN','1997','27,9','12')
('12MEN1998','MEN','1998','24,1','12')
('12MEN1999','MEN','1999','24,5','12')
('12MEN2000','MEN','2000','22,8','12')
('12MEN2001','MEN','2001','23,7','12')
('12MEN2002','MEN','2002','21,9','12')
('12MEN2003','MEN','2003','24,9','12')
('12MEN2004','MEN','2004','21,1','12')
('12MEN2005','MEN','2005','19,3','12')
('12MEN2006','MEN','2006','20,7','12')
('12MEN2007','MEN','2007','20,4','12v
('12MEN2008','MEN','2008','20,1','12')
('12MEN2009','MEN','2009','15,7','12')
('12MEN2010','MEN','2010','14,5','12')
('12MEN2011','MEN','2011','14,4','12')
('12MEN2012','MEN','2012','14,9','12')
('12MEN2013','MEN','2013','10,7','12')
('12MEN2014','MEN','2014','12,1','12')
('12MEN2015','MEN','2015','10,7','12')
('12MEN2016','MEN','2016','9,5','12')
('12MEN2017','MEN','2017','9,1','12')
('12MEN2018','MEN','2018','8,1','12')
('12MEN2019','MEN','2019','8,1','12')
('12MEN2020','MEN','2020','6,7','12')
('12WOMEN1987','WOMEN','1987','30,6','12')
('12WOMEN1988','WOMEN','1988','32,3','12')
('12WOMEN1989','WOMEN','1989','32,9','12')
('12WOMEN1990','WOMEN','1990','29,8','12')
('12WOMEN1991','WOMEN','1991','28,8','12')
('12WOMEN1992','WOMEN','1992','28,9','12')
('12WOMEN1993','WOMEN','1993','26,5','12')
('12WOMEN1994','WOMEN','1994','25,6','12')
('12WOMEN1995','WOMEN','1995','26,7','12')
('12WOMEN1996','WOMEN','1996','27,2','12')
('12WOMEN1997','WOMEN','1997','25,8','12')
('12WOMEN1998','WOMEN','1998','25,1','12')
('12WOMEN1999','WOMEN','1999','25,5','12')
('12WOMEN2000','WOMEN','2000','22','12')
('12WOMEN2001','WOMEN','2001','22,1','12')
('12WOMEN2002','WOMEN','2002','20,4','12')
('12WOMEN2003','WOMEN','2003','19,2','12')
('12WOMEN2004','WOMEN','2004','18,6','12')
('12WOMEN2005','WOMEN','2005','19,2','12')
('12WOMEN2006','WOMEN','2006','17','12')
('12WOMEN2007','WOMEN','2007','17,6','12')
('12WOMEN2008','WOMEN','2008','15','12')
('12WOMEN2009','WOMEN','2009','15,2','12')
('12WOMEN2010','WOMEN','2010','13,9','12')
('12WOMEN2011','WOMEN','2011','14,2','12')
('12WOMEN2012','WOMEN','2012','12,8','12')
('12WOMEN2013','WOMEN','2013','12,1','12')
('12WOMEN2014','WOMEN','2014','13','12')
('12WOMEN2015','WOMEN','2015','11','12')
('12WOMEN2016','WOMEN','2016','10,8','12')
('12WOMEN2017','WOMEN','2017','9,7','12')
('12WOMEN2018','WOMEN','2018','9,1','12')
('12WOMEN2019','WOMEN','2019','8,4','12')
('12WOMEN2020','WOMEN','2020','7,9','12')
('13MEN1973','MEN','1973','49','13')
('13MEN1981','MEN','1981','39','13')
('13MEN1985','MEN','1985','37','13')
('13MEN1986','MEN','1986','36','13')
('13MEN1987','MEN','1987','34','13')
('13MEN1988','MEN','1988','30','13')
('13MEN1989','MEN','1989','32','13')
('13MEN1990','MEN','1990','31','13')
('13MEN1991','MEN','1991','30','13')
('13MEN1992','MEN','1992','30','13')
('13MEN1993','MEN','1993','31','13')
('13MEN1994','MEN','1994','29','13')
('13MEN1998','MEN','1998','34','13')
('13MEN2002','MEN','2002','27','13')
('13MEN2007','MEN','2007','25','13')
('13MEN2015','MEN','2015','20','13')
('13MEN2016','MEN','2016','21','13')
('13MEN2017','MEN','2017','20','13')
('13MEN2018','MEN','2018','19','13')
('13MEN2019','MEN','2019','16','13')
('13WOMEN1972','WOMEN','1972','43,3','13')
('13WOMEN1973','WOMEN','1973','42,2','13')
('13WOMEN1974','WOMEN','1974','40,3','13')
('13WOMEN1975','WOMEN','1975','39,2','13')
('13WOMEN1976','WOMEN','1976','37,2','13')
('13WOMEN1977','WOMEN','1977','38,3','13')
('13WOMEN1978','WOMEN','1978','35,3','13')
('13WOMEN1979','WOMEN','1979','34,9','13')
('13WOMEN1980','WOMEN','1980','34,1','13')
('13WOMEN1985','WOMEN','1985','32','13')
('13WOMEN1986','WOMEN','1986','27','13')
('13WOMEN1987','WOMEN','1987','27','13')
('13WOMEN1988','WOMEN','1988','27','13')
('13WOMEN1989','WOMEN','1989','27','13')
('13WOMEN1990','WOMEN','1990','29','13')
('13WOMEN1991','WOMEN','1991','27','13')
('13WOMEN1992','WOMEN','1992','30','13')
('13WOMEN1993','WOMEN','1993','26','13')
('13WOMEN1994','WOMEN','1994','28','13')
('13WOMEN1998','WOMEN','1998','32','13')
('13WOMEN2002','WOMEN','2002','27','13')
('13WOMEN2007','WOMEN','2007','22','13')
('13WOMEN2015','WOMEN','2015','17','13')
('13WOMEN2016','WOMEN','2016','17','13')
('13WOMEN2017','WOMEN','2017','17','13')
('13WOMEN2018','WOMEN','2018','15','13')
('13WOMEN2019','WOMEN','2019','12','13')
('14MEN1980','MEN','1980','54,3','14')
('14MEN1983','MEN','1983','45,6','14')
('14MEN1986','MEN','1986','40,8','14')
('14MEN1990','MEN','1990','37,8','14')
('14MEN1993','MEN','1993','35,6','14')
('14MEN1994','MEN','1994','34,5','14')
('14MEN1995','MEN','1995','34,4','14')
('14MEN1996','MEN','1996','35,4','14')
('14MEN1997','MEN','1997','33,6','14')
('14MEN1998','MEN','1998','32,6','14')
('14MEN1999','MEN','1999','32,8','14')
('14MEN2000','MEN','2000','31,9','14')
('14MEN2001','MEN','2001','31,6','14')
('14MEN2002','MEN','2002','31,3','14')
('14MEN2003','MEN','2003','31,4','14')
('14MEN2005','MEN','2005','28,7','14')
('14MEN2006','MEN','2006','29,2','14')
('14MEN2007','MEN','2007','28,6','14')
('14MEN2008','MEN','2008','28,9','14')
('14MEN2009','MEN','2009','29,9','14')
('14MEN2010','MEN','2010','29,6','14')
('14MEN2011','MEN','2011','28,7','14')
('14MEN2012','MEN','2012','28,1','14')
('14MEN2013','MEN','2013','26,7','14')
('14MEN2014','MEN','2014','24,8','14')
('14MEN2015','MEN','2015','24,9','14')
('14MEN2016','MEN','2016','25,1','14')
('14MEN2017','MEN','2017','25,1','14')
('14MEN2018','MEN','2018','23,5','14')
('14MEN2019','MEN','2019','22,7','14')
('14WOMEN1980','WOMEN','1980','16,7','14')
('14WOMEN1983','WOMEN','1983','17,7','14')
('14WOMEN1986','WOMEN','1986','17,4','14')
('14WOMEN1990','WOMEN','1990','17,8','14')
('14WOMEN1993','WOMEN','1993','16,6','14')
('14WOMEN1994','WOMEN','1994','16,9','14')
('14WOMEN1995','WOMEN','1995','17,4','14')
('14WOMEN1996','WOMEN','1996','18','14')
('14WOMEN1997','WOMEN','1997','17,5','14')
('14WOMEN1998','WOMEN','1998','17,5','14')
('14WOMEN1999','WOMEN','1999','17,3','14')
('14WOMEN2000','WOMEN','2000','17,4','14')
('14WOMEN2001','WOMEN','2001','17,1','14')
('14WOMEN2002','WOMEN','2002','17,2','14')
('14WOMEN2003','WOMEN','2003','17,6','14')
('14WOMEN2005','WOMEN','2005','16,4','14')
('14WOMEN2006','WOMEN','2006','17,2','14')
('14WOMEN2007','WOMEN','2007','16,6','14')
('14WOMEN2008','WOMEN','2008','16,4','14')
('14WOMEN2009','WOMEN','2009','17,1','14')
('14WOMEN2010','WOMEN','2010','17,1','14')
('14WOMEN2011','WOMEN','2011','16,8','14')
('14WOMEN2012','WOMEN','2012','16,5','14')
('14WOMEN2013','WOMEN','2013','15,9','14')
('14WOMEN2014','WOMEN','2014','14,9','14')
('14WOMEN2015','WOMEN','2015','15,8','14')
('14WOMEN2016','WOMEN','2016','15,3','14')
('14WOMEN2017','WOMEN','2017','15','14')
('14WOMEN2018','WOMEN','2018','15,1','14')
('14WOMEN2019','WOMEN','2019','14,9','14')
('15MEN1965','MEN','1965','82,3','15')
('15MEN1966','MEN','1966','83,7','15')
('15MEN1967','MEN','1967','82,3','15')
('15MEN1968','MEN','1968','78,5','15')
('15MEN1969','MEN','1969','79,1','15')
('15MEN1970','MEN','1970','77,5','15')
('15MEN1971','MEN','1971','77,4','15')
('15MEN1972','MEN','1972','77,6','15')
('15MEN1973','MEN','1973','78,3','15')
('15MEN1974','MEN','1974','78,8','15')
('15MEN1975','MEN','1975','76,2','15')
('15MEN1976','MEN','1976','75,1','15')
('15MEN1977','MEN','1977','75,1','15')
('15MEN1978','MEN','1978','74,7','15')
('15MEN1979','MEN','1979','73,1','15')
('15MEN1980','MEN','1980','70,2','15')
('15MEN1981','MEN','1981','70,8','15')
('15MEN1982','MEN','1982','70,1','15')
('15MEN1983','MEN','1983','66,1','15')
('15MEN1984','MEN','1984','65,5','15')
('15MEN1985','MEN','1985','64,6','15')
('15MEN1986','MEN','1986','62,5','15') 
('15MEN1987','MEN','1987','61,6','15')
('15MEN1988','MEN','1988','61,2','15')
('15MEN1989','MEN','1989','55,3','15')
('15MEN1990','MEN','1990','53,1','15')
('15MEN1991','MEN','1991','50,6','15')
('15MEN1992','MEN','1992','50,1','15')
('15MEN1993','MEN','1993','44,8','15')
('15MEN1994','MEN','1994','43,8','15')
('15MEN1995','MEN','1995','52,7','15')
('15MEN1996','MEN','1996','51,2','15')
('15MEN1997','MEN','1997','52,7','15')
('15MEN1998','MEN','1998','50,8','15')
('15MEN1999','MEN','1999','49,2','15')
('15MEN2000','MEN','2000','47,4','15')
('15MEN2001','MEN','2001','45,9','15')
('15MEN2002','MEN','2002','43,3','15')
('15MEN2003','MEN','2003','46,8','15')
('15MEN2004','MEN','2004','43,3','15')
('15MEN2005','MEN','2005','39,3','15')
('15MEN2006','MEN','2006','39,9','15')
('15MEN2007','MEN','2007','39,4','15')
('15MEN2008','MEN','2008','36,8','15')
('15MEN2009','MEN','2009','38,2','15')
('15MEN2010','MEN','2010','32,2','15')
('15MEN2011','MEN','2011','32,4','15')
('15MEN2012','MEN','2012','34,1','15')
('15MEN2013','MEN','2013','32,2','15')
('15MEN2014','MEN','2014','32,2','15')
('15MEN2015','MEN','2015','30,1','15')
('15MEN2016','MEN','2016','30,2','15')
('15MEN2017','MEN','2017','29,4','15')
('15MEN2018','MEN','2018','29','15')
('15MEN2019','MEN','2019','27,1','15')
('15WOMEN1965','WOMEN','1965','15,7','15')
('15WOMEN1966','WOMEN','1966','18','15')
('15WOMEN1967','WOMEN','1967','17,7','15')
('15WOMEN1968','WOMEN','1968','15,4','15')
('15WOMEN1969','WOMEN','1969','15,4','15')
('15WOMEN1970','WOMEN','1970','15,6','15')
('15WOMEN1971','WOMEN','1971','14,7','15')
('15WOMEN1972','WOMEN','1972','15,5','15')
('15WOMEN1973','WOMEN','1973','15,1','15')
('15WOMEN1974','WOMEN','1974','16,7','15')
('15WOMEN1975','WOMEN','1975','15,1','15')
('15WOMEN1976','WOMEN','1976','15,4','15')
('15WOMEN1977','WOMEN','1977','15,1','15')
('15WOMEN1978','WOMEN','1978','16,2','15')
('15WOMEN1979','WOMEN','1979','15,4','15')
('15WOMEN1980','WOMEN','1980','14,4','15')
('15WOMEN1981','WOMEN','1981','15,3','15')
('15WOMEN1982','WOMEN','1982','15,4','15')
('15WOMEN1983','WOMEN','1983','13,5','15')
('15WOMEN1984','WOMEN','1984','14','15')
('15WOMEN1985','WOMEN','1985','13,7','15')
('15WOMEN1986','WOMEN','1986','12,6','15')
('15WOMEN1987','WOMEN','1987','13,4','15')
('15WOMEN1988','WOMEN','1988','13,1','15')
('15WOMEN1989','WOMEN','1989','9,4','15')
('15WOMEN1990','WOMEN','1990','9,7','15')
('15WOMEN1991','WOMEN','1991','9,7','15')
('15WOMEN1992','WOMEN','1992','9','15')
('15WOMEN1993','WOMEN','1993','8,9','15')
('15WOMEN1994','WOMEN','1994','9,1','15')
('15WOMEN1995','WOMEN','1995','10,6','15')
('15WOMEN1996','WOMEN','1996','9,8','15')
('15WOMEN1997','WOMEN','1997','11,6','15')
('15WOMEN1998','WOMEN','1998','10,9','15')
('15WOMEN1999','WOMEN','1999','10,3','15')
('15WOMEN2000','WOMEN','2000','11,5','15')
('15WOMEN2001','WOMEN','2001','9,9','15')
('15WOMEN2002','WOMEN','2002','10,2','15')
('15WOMEN2003','WOMEN','2003','11,3','15')
('15WOMEN2004','WOMEN','2004','12','15')
('15WOMEN2005','WOMEN','2005','11,3','15')
('15WOMEN2006','WOMEN','2006','10','15')
('15WOMEN2007','WOMEN','2007','11','15')
('15WOMEN2008','WOMEN','2008','9,1','15')
('15WOMEN2009','WOMEN','2009','10,9','15')
('15WOMEN2010','WOMEN','2010','8,4','15')
('15WOMEN2011','WOMEN','2011','9,7','15')
('15WOMEN2012','WOMEN','2012','9','15')
('15WOMEN2013','WOMEN','2013','8,2','15')
('15WOMEN2014','WOMEN','2014','8,5','15')
('15WOMEN2015','WOMEN','2015','7,9','15')
('15WOMEN2016','WOMEN','2016','8,2','15')
('15WOMEN2017','WOMEN','2017','7,2','15')
('15WOMEN2018','WOMEN','2018','8,1','15')
('15WOMEN2019','WOMEN','2019','7,6','15')
('16MEN1989','MEN','1989','65,7','16')
('16MEN1992','MEN','1992','65,7','16')
('16MEN1995','MEN','1995','66,7','16')
('16MEN1998','MEN','1998','58,2','16')
('16MEN2001','MEN','2001','52,9','16')
('16MEN2005','MEN','2005','47,3','16')
('16MEN2007','MEN','2007','43','16')
('16MEN2008','MEN','2008','45,3','16')
('16MEN2009','MEN','2009','44,3','16')
('16MEN2010','MEN','2010','40,8','16')
('16MEN2011','MEN','2011','41,6','16')
('16MEN2012','MEN','2012','37,6','16')
('16MEN2013','MEN','2013','36,2','16')
('16MEN2014','MEN','2014','36,6','16')
('16MEN2015','MEN','2015','31,4','16')
('16MEN2016','MEN','2016','32,9','16')
('16MEN2017','MEN','2017','31,6','16')
('16MEN2018','MEN','2018','30,5','16')
('16MEN2019','MEN','2019','28,5','16')
('16WOMEN1989','WOMEN','1989','6,4','16')
('16WOMEN1992','WOMEN','1992','5,4','16')
('16WOMEN1995','WOMEN','1995','5,5','16')
('16WOMEN1998','WOMEN','1998','5,5','16')
('16WOMEN2001','WOMEN','2001','4,2','16')
('16WOMEN2005','WOMEN','2005','4,7','16')
('16WOMEN2007','WOMEN','2007','5,4','16')
('16WOMEN2008','WOMEN','2008','7,4','16')
('16WOMEN2009','WOMEN','2009','7','16')
('16WOMEN2010','WOMEN','2010','5,2','16')
('16WOMEN2011','WOMEN','2011','5,1','16')
('16WOMEN2012','WOMEN','2012','5,8','16')
('16WOMEN2013','WOMEN','2013','4,3','16')
('16WOMEN2014','WOMEN','2014','4','16')
('16WOMEN2015','WOMEN','2015','3,4','16')
('16WOMEN2016','WOMEN','2016','4,1','16')
('16WOMEN2017','WOMEN','2017','3,5','16')
('16WOMEN2018','WOMEN','2018','4,5','16')
('16WOMEN2019','WOMEN','2019','4,4','16')
('17MEN2001','MEN','2001','29','17')
('17MEN2002','MEN','2002','30','17')
('17MEN2003','MEN','2003','34','17')
('17MEN2004','MEN','2004','30','17')
('17MEN2005','MEN','2005','27','17')
('17MEN2006','MEN','2006','24','17')
('17MEN2007','MEN','2007','24','17')
('17MEN2008','MEN','2008','23','17')
('17MEN2009','MEN','2009','22','17')
('17MEN2010','MEN','2010','20,9','17')
('17MEN2011','MEN','2011','18,4','17')
('17MEN2012','MEN','2012','18,4','17')
('17MEN2013','MEN','2013','17,6','17')
('17MEN2014','MEN','2014','17','17')
('17MEN2015','MEN','2015','16','17')
('17MEN2016','MEN','2016','17,3','17')
('17MEN2017','MEN','2017','18,1','17')
('17MEN2018','MEN','2018','15,7','17')
('17MEN2019','MEN','2019','17,6','17')
('17MEN2020','MEN','2020','17,7','17')
('17WOMEN2001','WOMEN','2001','23','17')
('17WOMEN2002','WOMEN','2002','22','17')
('17WOMEN2003','WOMEN','2003','22','17')
('17WOMEN2004','WOMEN','2004','23','17')
('17WOMEN2005','WOMEN','2005','19','17')
('17WOMEN2006','WOMEN','2006','18','17')
('17WOMEN2007','WOMEN','2007','18','17')
('17WOMEN2008','WOMEN','2008','18','17')
('17WOMEN2009','WOMEN','2009','17','17')
('17WOMEN2010','WOMEN','2010','15,7','17')
('17WOMEN2011','WOMEN','2011','15,5','17')
('17WOMEN2012','WOMEN','2012','15,2','17')
('17WOMEN2013','WOMEN','2013','13,9','17')
('17WOMEN2014','WOMEN','2014','13,7','17')
('17WOMEN2015','WOMEN','2015','13,9','17')
('17WOMEN2016','WOMEN','2016','12,6','17')
('17WOMEN2017','WOMEN','2017','14','17')
('17WOMEN2018','WOMEN','2018','13,4','17')
('17WOMEN2019','WOMEN','2019','16','17')
('17WOMEN2020','WOMEN','2020','16,1','17')
('18MEN2000','MEN','2000','20,5','18')
('18MEN2002','MEN','2002','23,7','18')
('18MEN2006','MEN','2006','21,6','18')
('18MEN2008','MEN','2008','16','18')
('18MEN2009','MEN','2009','11,8','18')
('18MEN2011','MEN','2011','15,5','18')
('18MEN2015','MEN','2015','11,9','18')
('18MEN2017','MEN','2017','12','18')
('18WOMEN2000','WOMEN','2000','6,4','18')
('18WOMEN2002','WOMEN','2002','7,5','18')
('18WOMEN2006','WOMEN','2006','6,5','18')
('18WOMEN2008','WOMEN','2008','6,1','18')
('18WOMEN2009','WOMEN','2009','3,7','18')
('18WOMEN2011','WOMEN','2011','5,5','18')
('18WOMEN2015','WOMEN','2015','3,6','18')
('18WOMEN2017','WOMEN','2017','3,6','18')
('19MEN1966','MEN','1966','81','19')
('19MEN1967','MEN','1967','78','19')
('19MEN1970','MEN','1970','75','19')
('19MEN1971','MEN','1971','69','19')
('19MEN1975','MEN','1975','66','19')
('19MEN1978','MEN','1978','56','19')
('19MEN1979','MEN','1979','52','19')
('19MEN1980','MEN','1980','52','19')
('19MEN1981','MEN','1981','47','19')
('19MEN1982','MEN','1982','41','19')
('19MEN1983','MEN','1983','50','19')
('19MEN1984','MEN','1984','44','19')
('19MEN1985','MEN','1985','43','19')
('19MEN1986','MEN','1986','42','19')
('19MEN1987','MEN','1987','41','19')
('19MEN1988','MEN','1988','37','19')
('19MEN1989','MEN','1989','36','19')
('19MEN1990','MEN','1990','43','19')
('19MEN1991','MEN','1991','44','19')
('19MEN1992','MEN','1992','43','19')
('19MEN1993','MEN','1993','42','19')
('19MEN1994','MEN','1994','43','19')
('19MEN1995','MEN','1995','41','19')
('19MEN1996','MEN','1996','41','19')
('19MEN1997','MEN','1997','39','19')
('19MEN1998','MEN','1998','39','19')
('19MEN1999','MEN','1999','36','19')
('19MEN2000','MEN','2000','35','19')
('19MEN2001','MEN','2001','32,3','19')
('19MEN2002','MEN','2002','30,9','19')
('19MEN2003','MEN','2003','29,2','19')
('19MEN2004','MEN','2004','28,6','19')
('19MEN2005','MEN','2005','28,4','19')
('19MEN2006','MEN','2006','28,8','19')
('19MEN2007','MEN','2007','25,4','19')
('19MEN2008','MEN','2008','25,9','19')
('19MEN2009','MEN','2009','25,5','19')
('19MEN2010','MEN','2010','23,1','19')
('19MEN2011','MEN','2011','23,5','19')
('19MEN2012','MEN','2012','20,6','19')
('19MEN2013','MEN','2013','20,9','19')
('19MEN2014','MEN','2014','21,7','19')
('19MEN2015','MEN','2015','21,2','19')
('19MEN2016','MEN','2016','20,9','19')
('19MEN2017','MEN','2017','19,5','19')
('19MEN2018','MEN','2018','17,8','19')
('19MEN2019','MEN','2019','17,7','19')
('19WOMEN1966','WOMEN','1966','40','19')
('19WOMEN1967','WOMEN','1967','42','19')
('19WOMEN1970','WOMEN','1970','42','19')
('19WOMEN1971','WOMEN','1971','40','19')
('19WOMEN1975','WOMEN','1975','40','19')
('19WOMEN1978','WOMEN','1978','39','19')
('19WOMEN1979','WOMEN','1979','38','19')
('19WOMEN1980','WOMEN','1980','34','19')
('19WOMEN1981','WOMEN','1981','36','19')
('19WOMEN1982','WOMEN','1982','33','19')
('19WOMEN1983','WOMEN','1983','34','19')
('19WOMEN1984','WOMEN','1984','33','19')
('19WOMEN1985','WOMEN','1985','34','19')
('19WOMEN1986','WOMEN','1986','34','19')
('19WOMEN1987','WOMEN','1987','33','19')
('19WOMEN1988','WOMEN','1988','29','19')
('19WOMEN1989','WOMEN','1989','29','19')
('19WOMEN1990','WOMEN','1990','32','19')
('19WOMEN1991','WOMEN','1991','33','19')
('19WOMEN1992','WOMEN','1992','31','19')
('19WOMEN1993','WOMEN','1993','31','19')
('19WOMEN1994','WOMEN','1994','32','19')
('19WOMEN1995','WOMEN','1995','31','19')
('19WOMEN1996','WOMEN','1996','32','19')
('19WOMEN1997','WOMEN','1997','32','19')
('19WOMEN1998','WOMEN','1998','31','19')
('19WOMEN1999','WOMEN','1999','32','19')
('19WOMEN2000','WOMEN','2000','29','19')
('19WOMEN2001','WOMEN','2001','25,4','19')
('19WOMEN2002','WOMEN','2002','24,5','19')
('19WOMEN2003','WOMEN','2003','24,3','19')
('19WOMEN2004','WOMEN','2004','22,3','19')
('19WOMEN2005','WOMEN','2005','22,1','19')
('19WOMEN2006','WOMEN','2006','21,7','19')
('19WOMEN2007','WOMEN','2007','21','19')
('19WOMEN2008','WOMEN','2008','20,8','19')
('19WOMEN2009','WOMEN','2009','19,8','19')
('19WOMEN2010','WOMEN','2010','18,8','19')
('19WOMEN2011','WOMEN','2011','18,3','19')
('19WOMEN2012','WOMEN','2012','16,3','19')
('19WOMEN2013','WOMEN','2013','16,3','19')
('19WOMEN2014','WOMEN','2014','16,7','19')
('19WOMEN2015','WOMEN','2015','16,9','19')
('19WOMEN2016','WOMEN','2016','15,2','19')
('19WOMEN2017','WOMEN','2017','14,1','19')
('19WOMEN2018','WOMEN','2018','13,4','19')
('19WOMEN2019','WOMEN','2019','13,1','19')
('20MEN1976','MEN','1976','40','20')
('20MEN1981','MEN','1981','35','20')
('20MEN1983','MEN','1983','35','20')
('20MEN1984','MEN','1984','34','20')
('20MEN1985','MEN','1985','30','20')
('20MEN1986','MEN','1986','29','20')
('20MEN1987','MEN','1987','31','20')
('20MEN1988','MEN','1988','29','20')
('20MEN1989','MEN','1989','27','20')
('20MEN1990','MEN','1990','28','20')
('20MEN1991','MEN','1991','27','20')
('20MEN1992','MEN','1992','27','20')
('20MEN1993','MEN','1993','28','20')
('20MEN1994','MEN','1994','28','20')
('20MEN1995','MEN','1995','27','20')
('20MEN1996','MEN','1996','26','20')
('20MEN1997','MEN','1997','26','20')
('20MEN1998','MEN','1998','26','20')
('20MEN1999','MEN','1999','26','20')
('20MEN2000','MEN','2000','25','20')
('20MEN2001','MEN','2001','25','20')
('20MEN2002','MEN','2002','25','20')
('20MEN2003','MEN','2003','24','20')
('20MEN2004','MEN','2004','23','20')
('20MEN2005','MEN','2005','22,5','20')
('20MEN2006','MEN','2006','21,9','20')
('20MEN2007','MEN','2007','19,3','20')
('20MEN2012','MEN','2012','16,7','20')
('20MEN2013','MEN','2013','16,2','20')
('20MEN2014','MEN','2014','17,2','20')
('20MEN2015','MEN','2015','16,1','20')
('20MEN2016','MEN','2016','15,6','20')
('20MEN2017','MEN','2017','15,1','20')
('20MEN2018','MEN','2018','14,3','20')
('20MEN2019','MEN','2019','13,9','20')
('20MEN2020','MEN','2020','12,2','20')
('20WOMEN1976','WOMEN','1976','32','20')
('20WOMEN1981','WOMEN','1981','29','20')
('20WOMEN1983','WOMEN','1983','31','20')
('20WOMEN1984','WOMEN','1984','31','20')
('20WOMEN1985','WOMEN','1985','30','20')
('20WOMEN1986','WOMEN','1986','31','20')
('20WOMEN1987','WOMEN','1987','28','20')
('20WOMEN1988','WOMEN','1988','29','20')
('20WOMEN1989','WOMEN','1989','27','20')
('20WOMEN1990','WOMEN','1990','27','20')
('20WOMEN1991','WOMEN','1991','26','20')
('20WOMEN1992','WOMEN','1992','27','20')
('20WOMEN1993','WOMEN','1993','26','20')
('20WOMEN1994','WOMEN','1994','26','20')
('20WOMEN1995','WOMEN','1995','26','20')
('20WOMEN1996','WOMEN','1996','26','20')
('20WOMEN1997','WOMEN','1997','27','20')
('20WOMEN1998','WOMEN','1998','24','20')
('20WOMEN1999','WOMEN','1999','25','20')
('20WOMEN2000','WOMEN','2000','25','20')
('20WOMEN2001','WOMEN','2001','25','20')
('20WOMEN2002','WOMEN','2002','24','20')
('20WOMEN2003','WOMEN','2003','23','20')
('20WOMEN2004','WOMEN','2004','21','20')
('20WOMEN2005','WOMEN','2005','22,5','20')
('20WOMEN2006','WOMEN','2006','19,5','20')
('20WOMEN2007','WOMEN','2007','17','20')
('20WOMEN2012','WOMEN','2012','15,8','20')
('20WOMEN2013','WOMEN','2013','15,1','20')
('20WOMEN2014','WOMEN','2014','14,3','20')
('20WOMEN2015','WOMEN','2015','13,9','20')
('20WOMEN2016','WOMEN','2016','12,9','20')
('20WOMEN2017','WOMEN','2017','12,6','20')
('20WOMEN2018','WOMEN','2018','11,9','20')
('20WOMEN2019','WOMEN','2019','11,1','20')
('20WOMEN2020','WOMEN','2020','11','20')
('21MEN1973','MEN','1973','51','21')
('21MEN1974','MEN','1974','53','21')
('21MEN1975','MEN','1975','48','21')
('21MEN1976','MEN','1976','49','21')
('21MEN1977','MEN','1977','44','21')
('21MEN1978','MEN','1978','45','21')
('21MEN1979','MEN','1979','43','21')
('21MEN1980','MEN','1980','42','21')
('21MEN1981','MEN','1981','40','21')
('21MEN1982','MEN','1982','40','21')
('21MEN1983','MEN','1983','42','21')
('21MEN1984','MEN','1984','42','21')
('21MEN1985','MEN','1985','42','21')
('21MEN1986','MEN','1986','39','21')
('21MEN1987','MEN','1987','40','21')
('21MEN1988','MEN','1988','41','21')
('21MEN1989','MEN','1989','37','21')
('21MEN1990','MEN','1990','36','21')
('21MEN1991','MEN','1991','36','21')
('21MEN1992','MEN','1992','37','21')
('21MEN1993','MEN','1993','38','21')
('21MEN1994','MEN','1994','35','21')
('21MEN1995','MEN','1995','33','21')
('21MEN1996','MEN','1996','34','21')
('21MEN1997','MEN','1997','35','21')
('21MEN1998','MEN','1998','34','21')
('21MEN1999','MEN','1999','32','21')
('21MEN2000','MEN','2000','31','21')
('21MEN2001','MEN','2001','30','21')
('21MEN2002','MEN','2002','29','21')
('21MEN2003','MEN','2003','27','21')
('21MEN2004','MEN','2004','27','21')
('21MEN2005','MEN','2005','26','21')
('21MEN2006','MEN','2006','23','21')
('21MEN2007','MEN','2007','22','21')
('21MEN2008','MEN','2008','21','21')
('21MEN2009','MEN','2009','21','21')
('21MEN2010','MEN','2010','19','21')
('21MEN2011','MEN','2011','17','21')
('21MEN2012','MEN','2012','16','21')
('21MEN2013','MEN','2013','15','21')
('21MEN2014','MEN','2014','14','21')
('21MEN2015','MEN','2015','13','21')
('21MEN2016','MEN','2016','13','21')
('21MEN2017','MEN','2017','12','21')
('21MEN2018','MEN','2018','12','21')
('21MEN2019','MEN','2019','9','21')
('21MEN2020','MEN','2020','9','21')
('21WOMEN1973','WOMEN','1973','32','21')
('21WOMEN1974','WOMEN','1974','32','21')
('21WOMEN1975','WOMEN','1975','32','21')
('21WOMEN1976','WOMEN','1976','32','21')
('21WOMEN1977','WOMEN','1977','30','21')
('21WOMEN1978','WOMEN','1978','31','21')
('21WOMEN1979','WOMEN','1979','33','21')
('21WOMEN1980','WOMEN','1980','30','21')
('21WOMEN1981','WOMEN','1981','31','21')
('21WOMEN1982','WOMEN','1982','34','21')
('21WOMEN1983','WOMEN','1983','32','21')
('21WOMEN1984','WOMEN','1984','34','21')
('21WOMEN1985','WOMEN','1985','32','21')
('21WOMEN1986','WOMEN','1986','31','21')
('21WOMEN1987','WOMEN','1987','33','21')
('21WOMEN1988','WOMEN','1988','35','21')
('21WOMEN1989','WOMEN','1989','34','21')
('21WOMEN1990','WOMEN','1990','33','21')
('21WOMEN1991','WOMEN','1991','33','21')
('21WOMEN1992','WOMEN','1992','32','21')
('21WOMEN1993','WOMEN','1993','36','21')
('21WOMEN1994','WOMEN','1994','31','21')
('21WOMEN1995','WOMEN','1995','32','21')
('21WOMEN1996','WOMEN','1996','33','21')
('21WOMEN1997','WOMEN','1997','33','21')
('21WOMEN1998','WOMEN','1998','32','21')
('21WOMEN1999','WOMEN','1999','32','21')
('21WOMEN2000','WOMEN','2000','32','21')
('21WOMEN2001','WOMEN','2001','29','21')
('21WOMEN2002','WOMEN','2002','30','21')
('21WOMEN2003','WOMEN','2003','25','21')
('21WOMEN2004','WOMEN','2004','25','21')
('21WOMEN2005','WOMEN','2005','24','21')
('21WOMEN2006','WOMEN','2006','24','21')
('21WOMEN2007','WOMEN','2007','22','21')
('21WOMEN2008','WOMEN','2008','22','21')
('21WOMEN2009','WOMEN','2009','20','21')
('21WOMEN2010','WOMEN','2010','19','21')
('21WOMEN2011','WOMEN','2011','18','21')
('21WOMEN2012','WOMEN','2012','16','21')
('21WOMEN2013','WOMEN','2013','14','21')
('21WOMEN2014','WOMEN','2014','13','21')
('21WOMEN2015','WOMEN','2015','13','21')
('21WOMEN2016','WOMEN','2016','11','21')
('21WOMEN2017','WOMEN','2017','10','21')
('21WOMEN2018','WOMEN','2018','11','21')
('21WOMEN2019','WOMEN','2019','9','21')
('21WOMEN2020','WOMEN','2020','9','21')
('22MEN1996','MEN','1996','43,8','22')
('22MEN2001','MEN','2001','37','22')
('22MEN2004','MEN','2004','33,9','22')
('22MEN2009','MEN','2009','30,9','22')
('22MEN2014','MEN','2014','28,8','22')
('22MEN2019','MEN','2019','20,8','22')
('22WOMEN1996','WOMEN','1996','20,5','22')
('22WOMEN2001','WOMEN','2001','19,5','22')
('22WOMEN2004','WOMEN','2004','19,3','22')
('22WOMEN2009','WOMEN','2009','17,9','22')
('22WOMEN2014','WOMEN','2014','17,2','22')
('22WOMEN2019','WOMEN','2019','14,1','22')
('23MEN1987','MEN','1987','33,6','23')
('23MEN1996','MEN','1996','32,7','23')
('23MEN1999','MEN','1999','32','23')
('23MEN2006','MEN','2006','27,2','23')
('23MEN2014','MEN','2014','23,5','23')
('23MEN2019','MEN','2019','20,2','23')
('23WOMEN1987','WOMEN','1987','5,1','23')
('23WOMEN1996','WOMEN','1996','7,6','23')
('23WOMEN1999','WOMEN','1999','10,1','23')
('23WOMEN2006','WOMEN','2006','11','23')
('23WOMEN2014','WOMEN','2014','10,9','23')
('23WOMEN2019','WOMEN','2019','9','23')
('24MEN2003','MEN','2003','32,8','24')
('24MEN2009','MEN','2009','27,1','24')
('24MEN2014','MEN','2014','30,4','24')
('24MEN2019','MEN','2019','26,9','24')
('24WOMEN2003','WOMEN','2003','14,3','24')
('24WOMEN2009','WOMEN','2009','12,5','24')
('24WOMEN2014','WOMEN','2014','15,8','24')
('24WOMEN2019','WOMEN','2019','15,4','24')
('25MEN1985','MEN','1985','55','25')
('25MEN1987','MEN','1987','55,1','25')
('25MEN1989','MEN','1989','51,5','25')
('25MEN1993','MEN','1993','44','25')
('25MEN1995','MEN','1995','43,5','25')
('25MEN1997','MEN','1997','42,1','25')
('25MEN2001','MEN','2001','39,2','25')
('25MEN2003','MEN','2003','34,2','25')
('25MEN2006','MEN','2006','31,6','25')
('25MEN2009','MEN','2009','31,2','25')
('25MEN2011','MEN','2011','27,9','25')
('25MEN2014','MEN','2014','27,6','25')
('25MEN2017','MEN','2017','25,6','25')
('25MEN2020','MEN','2020','23,3','25')
('25WOMEN1985','WOMEN','1985','27','25')
('25WOMEN1987','WOMEN','1987','22,9','25')
('25WOMEN1989','WOMEN','1989','21,4','25')
('25WOMEN1993','WOMEN','1993','20,8','25')
('25WOMEN1995','WOMEN','1995','24,5','25')
('25WOMEN1997','WOMEN','1997','24,8','25')
('25WOMEN2001','WOMEN','2001','24,6','25')
('25WOMEN2003','WOMEN','2003','22,4','25')
('25WOMEN2006','WOMEN','2006','21,5','25')
('25WOMEN2009','WOMEN','2009','21,3','25')
('25WOMEN2011','WOMEN','2011','20,2','25')
('25WOMEN2014','WOMEN','2014','18,6','25')
('25WOMEN2017','WOMEN','2017','18,8','25')
('25WOMEN2020','WOMEN','2020','16,4','25')
('26MEN1977','MEN','1977','40,9','26')
('26MEN1980','MEN','1980','36,3','26')
('26MEN1981','MEN','1981','34','26')
('26MEN1982','MEN','1982','33,7','26')
('26MEN1983','MEN','1983','31,8','26')
('26MEN1984','MEN','1984','33,2','26')
('26MEN1985','MEN','1985','29,9','26')
('26MEN1986','MEN','1986','28,8','26')
('26MEN1987','MEN','1987','29,3','26')
('26MEN1988','MEN','1988','27,7','26')
('26MEN1989','MEN','1989','25,5','26')
('26MEN1990','MEN','1990','25,8','26')
('26MEN1991','MEN','1991','25,7','26')
('26MEN1992','MEN','1992','25,2','26')
('26MEN1993','MEN','1993','23,3','26v
('26MEN1994','MEN','1994','21,6','26')
('26MEN1995','MEN','1995','22','26')
('26MEN1996','MEN','1996','21,2','26')
('26MEN1997','MEN','1997','16,5','26')
('26MEN1998','MEN','1998','17','26')
('26MEN1999','MEN','1999','19,2','26')
('26MEN2000','MEN','2000','16,8','26')
('26MEN2001','MEN','2001','17,9','26')
('26MEN2002','MEN','2002','18,8','26')
('26MEN2003','MEN','2003','17,8','26')
('26MEN2004','MEN','2004','16,9','26')
('26MEN2005','MEN','2005','17,6','26')
('26MEN2006','MEN','2006','16,3','26')
('26MEN2007','MEN','2007','14,9','26')
('26MEN2008','MEN','2008','16,3','26')
('26MEN2009','MEN','2009','14,6','26')
('26MEN2010','MEN','2010','14,7','26')
('26MEN2011','MEN','2011','13,9','26') 
('26MEN2012','MEN','2012','12,4','26')
('26MEN2013','MEN','2013','9,8','26')
('26MEN2014','MEN','2014','11,7','26')
('26MEN2015','MEN','2015','11,7','26')
('26MEN2016','MEN','2016','10,6','26')
('26MEN2017','MEN','2017','10,5','26')
('26MEN2018','MEN','2018','11','26')
('26MEN2019','MEN','2019','10,1','26')
('26WOMEN1977','WOMEN','1977','32,3','26')
('26WOMEN1980','WOMEN','1980','28,7','26')
('26WOMEN1981','WOMEN','1981','26,9','26')
('26WOMEN1982','WOMEN','1982','27,7','26')
('26WOMEN1983','WOMEN','1983','26,4','26')
('26WOMEN1984','WOMEN','1984','28','26')
('26WOMEN1985','WOMEN','1985','27,2','26')
('26WOMEN1986','WOMEN','1986','26,5','26')
('26WOMEN1987','WOMEN','1987','26,1','26')
('26WOMEN1988','WOMEN','1988','26,3','26')
('26WOMEN1989','WOMEN','1989','26,2','26')
('26WOMEN1990','WOMEN','1990','25,9','26')
('26WOMEN1991','WOMEN','1991','24,4','26')
('26WOMEN1992','WOMEN','1992','26,6','26')
('26WOMEN1993','WOMEN','1993','23,4','26')
('26WOMEN1994','WOMEN','1994','23,8','26')
('26WOMEN1995','WOMEN','1995','23,6','26')
('26WOMEN1996','WOMEN','1996','23,3','26')
('26WOMEN1997','WOMEN','1997','21,9','26')
('26WOMEN1998','WOMEN','1998','21,1','26')
('26WOMEN1999','WOMEN','1999','19,4','26')
('26WOMEN2000','WOMEN','2000','21','26')
('26WOMEN2001','WOMEN','2001','19,9','26')
('26WOMEN2002','WOMEN','2002','16,1','26')
('26WOMEN2003','WOMEN','2003','16,5','26')
('26WOMEN2004','WOMEN','2004','14,8','26')
('26WOMEN2005','WOMEN','2005','13,8','26')
('26WOMEN2006','WOMEN','2006','14,1','26')
('26WOMEN2007','WOMEN','2007','12,8','26')
('26WOMEN2008','WOMEN','2008','12,9','26')
('26WOMEN2009','WOMEN','2009','13,3','26')
('26WOMEN2010','WOMEN','2010','12,5','26')
('26WOMEN2011','WOMEN','2011','12,4','26')
('26WOMEN2012','WOMEN','2012','13,1','26')
('26WOMEN2013','WOMEN','2013','11,7','26')
('26WOMEN2014','WOMEN','2014','12,1','26')
('26WOMEN2015','WOMEN','2015','10,7','26')
('26WOMEN2016','WOMEN','2016','11,2','26')
('26WOMEN2017','WOMEN','2017','10,3','26')
('26WOMEN2018','WOMEN','2018','9,2','26')
('26WOMEN2019','WOMEN','2019','10,6','26')
('27MEN1992','MEN','1992','34','27')
('27MEN1997','MEN','1997','33,5','27')
('27MEN2002','MEN','2002','30,7','27')
('27MEN2007','MEN','2007','23,4','27')
('27MEN2012','MEN','2012','23,1','27')
('27MEN2017','MEN','2017','21,5','27')
('27WOMEN1992','WOMEN','1992','22,9','27')
('27WOMEN1997','WOMEN','1997','24,7','27')
('27WOMEN2002','WOMEN','2002','22,7','27')
('27WOMEN2007','WOMEN','2007','17,6','27')
('27WOMEN2012','WOMEN','2012','17,8','27')
('27WOMEN2017','WOMEN','2017','16,8','27')
('28MEN1989','MEN','1989','67,6','28')
('28MEN1995','MEN','1995','62,8','28')
('28MEN2003','MEN','2003','51,1','28')
('28MEN2006','MEN','2006','50,6','28')
('28MEN2008','MEN','2008','43,8','28')
('28MEN2010','MEN','2010','39','28')
('28MEN2012','MEN','2012','37,3','28')
('28MEN2014','MEN','2014','41,8','28')
('28MEN2016','MEN','2016','40,1','28')
('28MEN2019','MEN','2019','41,3','28')
('28WOMEN1989','WOMEN','1989','27,1','28')
('28WOMEN1995','WOMEN','1995','24,3','28')
('28WOMEN2003','WOMEN','2003','17,8','28')
('28WOMEN2006','WOMEN','2006','16,6','28')
('28WOMEN2008','WOMEN','2008','11,6','28')
('28WOMEN2010','WOMEN','2010','12,3','28')
('28WOMEN2012','WOMEN','2012','10,7','28')
('28WOMEN2014','WOMEN','2014','13,1','28')
('28WOMEN2016','WOMEN','2016','13,3','28')
('28WOMEN2019','WOMEN','2019','14,9','28')
('29MEN1960','MEN','1960','61','29')
('29MEN1961','MEN','1961','59','29')
('29MEN1962','MEN','1962','57','29')
('29MEN1963','MEN','1963','54','29')
('29MEN1964','MEN','1964','54','29')
('29MEN1965','MEN','1965','54','29')
('29MEN1966','MEN','1966','54','29')
('29MEN1967','MEN','1967','54','29')
('29MEN1968','MEN','1968','55','29')
('29MEN1969','MEN','1969','54','29')
('29MEN1970','MEN','1970','55','29')
('29MEN1971','MEN','1971','51','29')
('29MEN1972','MEN','1972','51','29')
('29MEN1973','MEN','1973','49','29')
('29MEN1974','MEN','1974','51','29')
('29MEN1976','MEN','1976','46','29')
('29MEN1978','MEN','1978','45','29')
('29MEN1980','MEN','1980','42','29')
('29MEN1982','MEN','1982','38','29')
('29MEN1984','MEN','1984','36','29')
('29MEN1986','MEN','1986','35','29')
('29MEN1988','MEN','1988','33','29')
('29MEN1990','MEN','1990','31','29')
('29MEN1992','MEN','1992','30','29')
('29MEN1994','MEN','1994','28','29')
('29MEN1996','MEN','1996','29','29')
('29MEN1998','MEN','1998','28','29')
('29MEN2000','MEN','2000','29','29')
('29MEN2001','MEN','2001','28','29')
('29MEN2002','MEN','2002','27','29')
('29MEN2003','MEN','2003','28','29')
('29MEN2004','MEN','2004','26','29')
('29MEN2005','MEN','2005','25','29')
('29MEN2006','MEN','2006','23','29')
('29MEN2007','MEN','2007','22','29')
('29MEN2008','MEN','2008','22','29')
('29MEN2009','MEN','2009','22','29')
('29MEN2010','MEN','2010','21','29')
('29MEN2011','MEN','2011','21','29')
('29MEN2012','MEN','2012','22','29')
('29MEN2013','MEN','2013','22','29')
('29MEN2014','MEN','2014','20','29')
('29MEN2015','MEN','2015','19,1','29')
('29MEN2016','MEN','2016','17,7','29')
('29MEN2017','MEN','2017','18,7','29')
('29MEN2018','MEN','2018','17','29')
('29MEN2019','MEN','2019','17,7','29')
('29WOMEN1960','WOMEN','1960','42','29')
('29WOMEN1961','WOMEN','1961','43','29')
('29WOMEN1962','WOMEN','1962','42','29')
('29WOMEN1963','WOMEN','1963','43','29')
('29WOMEN1964','WOMEN','1964','41','29')
('29WOMEN1965','WOMEN','1965','42','29')
('29WOMEN1966','WOMEN','1966','45','29')
('29WOMEN1967','WOMEN','1967','44','29')
('29WOMEN1968','WOMEN','1968','43','29')
('29WOMEN1969','WOMEN','1969','44','29')
('29WOMEN1970','WOMEN','1970','44','29')
('29WOMEN1971','WOMEN','1971','42','29')
('29WOMEN1972','WOMEN','1972','42','29')
('29WOMEN1973','WOMEN','1973','43','29')
('29WOMEN1974','WOMEN','1974','41','29')
('29WOMEN1976','WOMEN','1976','38','29')
('29WOMEN1978','WOMEN','1978','37','29')
('29WOMEN1980','WOMEN','1980','37','29')
('29WOMEN1982','WOMEN','1982','33','29')
('29WOMEN1984','WOMEN','1984','32','29')
('29WOMEN1986','WOMEN','1986','31','29')
('29WOMEN1988','WOMEN','1988','30','29')
('29WOMEN1990','WOMEN','1990','30','29')
('29WOMEN1992','WOMEN','1992','28','29')
('29WOMEN1994','WOMEN','1994','26','29')
('29WOMEN1996','WOMEN','1996','27','29')
('29WOMEN1998','WOMEN','1998','27','29')
('29WOMEN2000','WOMEN','2000','25','29')
('29WOMEN2001','WOMEN','2001','26','29')
('29WOMEN2002','WOMEN','2002','25','29')
('29WOMEN2003','WOMEN','2003','24','29')
('29WOMEN2004','WOMEN','2004','23','29')
('29WOMEN2005','WOMEN','2005','23','29')
('29WOMEN2006','WOMEN','2006','21','29')
('29WOMEN2007','WOMEN','2007','20','29')
('29WOMEN2008','WOMEN','2008','21','29')
('29WOMEN2009','WOMEN','2009','20','29')
('29WOMEN2010','WOMEN','2010','20','29')
('29WOMEN2011','WOMEN','2011','19','29')
('29WOMEN2012','WOMEN','2012','19','29')
('29WOMEN2013','WOMEN','2013','17','29')
('29WOMEN2014','WOMEN','2014','17','29')
('29WOMEN2015','WOMEN','2015','16,6','29')
('29WOMEN2016','WOMEN','2016','14,5','29')
('29WOMEN2017','WOMEN','2017','15','29')
('29WOMEN2018','WOMEN','2018','16,2','29')
('29WOMEN2019','WOMEN','2019','13,8','29')
('30MEN1965','MEN','1965','51,9','30')
('30MEN1966','MEN','1966','52,5','30')
('30MEN1967','MEN','1967','47,8','30')
('30MEN1968','MEN','1968','45,9','30')
('30MEN1970','MEN','1970','44,1','30')
('30MEN1974','MEN','1974','43,1','30')
('30MEN1976','MEN','1976','41,9','30')
('30MEN1977','MEN','1977','40,9','30')
('30MEN1978','MEN','1978','38','30')
('30MEN1979','MEN','1979','37,4','30')
('30MEN1980','MEN','1980','37,4','30')
('30MEN1983','MEN','1983','35,1','30')
('30MEN1985','MEN','1985','32,6','30')
('30MEN1987','MEN','1987','31,2','30')
('30MEN1988','MEN','1988','30,8','30')
('30MEN1990','MEN','1990','28,4','30')
('30MEN1991','MEN','1991','24,2','30')
('30MEN1992','MEN','1992','23,6','30')
('30MEN1993','MEN','1993','22,3','30')
('30MEN1994','MEN','1994','22,9','30')
('30MEN1995','MEN','1995','22','30')
('30MEN1997','MEN','1997','22,6','30')
('30MEN1998','MEN','1998','21,6','30')
('30MEN1999','MEN','1999','20,8','30')
('30MEN2000','MEN','2000','21,2','30')
('30MEN2001','MEN','2001','20,3','30')
('30MEN2002','MEN','2002','20,5','30')
('30MEN2003','MEN','2003','19,4','30')
('30MEN2004','MEN','2004','19','30')
('30MEN2005','MEN','2005','19,1','30')
('30MEN2006','MEN','2006','19','30')
('30MEN2007','MEN','2007','17,1','30')
('30MEN2008','MEN','2008','17,9','30')
('30MEN2009','MEN','2009','17,9','30')
('30MEN2010','MEN','2010','16,7','30')
('30MEN2011','MEN','2011','16,4','30')
('30MEN2012','MEN','2012','15,9','30')
('30MEN2013','MEN','2013','15,6','30')
('30MEN2014','MEN','2014','14','30')
('30MEN2015','MEN','2015','12,2','30')
('30MEN2016','MEN','2016','13,2','30')
('30MEN2017','MEN','2017','11,5','30')
('30MEN2018','MEN','2018','11,5','30')
('30MEN2019','MEN','2019','11,7','30')
('30WOMEN1965','WOMEN','1965','33,9','30')
('30WOMEN1966','WOMEN','1966','33,9','30')
('30WOMEN1967','WOMEN','1967','31,4','30')
('30WOMEN1968','WOMEN','1968','30,5','30')
('30WOMEN1970','WOMEN','1970','31,5','30')
('30WOMEN1974','WOMEN','1974','32,1','30')
('30WOMEN1976','WOMEN','1976','32','30')
('30WOMEN1977','WOMEN','1977','32,1','30')
('30WOMEN1978','WOMEN','1978','30,6','30')
('30WOMEN1979','WOMEN','1979','29,9','30')
('30WOMEN1980','WOMEN','1980','29,3','30')
('30WOMEN1983','WOMEN','1983','29,5','30')
('30WOMEN1985','WOMEN','1985','27,9','30')
('30WOMEN1987','WOMEN','1987','26,5','30')
('30WOMEN1988','WOMEN','1988','25,7','30')
('30WOMEN1990','WOMEN','1990','22,8','30')
('30WOMEN1991','WOMEN','1991','20,2','30')
('30WOMEN1992','WOMEN','1992','21,2','30')
('30WOMEN1993','WOMEN','1993','18,7','30')
('30WOMEN1994','WOMEN','1994','19,1','30')
('30WOMEN1995','WOMEN','1995','18,3','30')
('30WOMEN1997','WOMEN','1997','18,1','30')
('30WOMEN1998','WOMEN','1998','18,2','30')
('30WOMEN1999','WOMEN','1999','17,8','30')
('30WOMEN2000','WOMEN','2000','17,3','30')
('30WOMEN2001','WOMEN','2001','17,1','30')
('30WOMEN2002','WOMEN','2002','16,5','30')
('30WOMEN2003','WOMEN','2003','15,7','30')
('30WOMEN2004','WOMEN','2004','15,1','30')
('30WOMEN2005','WOMEN','2005','14,9','30')
('30WOMEN2006','WOMEN','2006','14,5','30')
('30WOMEN2007','WOMEN','2007','13,7','30')
('30WOMEN2008','WOMEN','2008','15,1','30')
('30WOMEN2009','WOMEN','2009','14,4','30')
('30WOMEN2010','WOMEN','2010','13,6','30')
('30WOMEN2011','WOMEN','2011','13,3','30')
('30WOMEN2012','WOMEN','2012','12,5','30')
('30WOMEN2013','WOMEN','2013','11,9','30')
('30WOMEN2014','WOMEN','2014','11,8','30')
('30WOMEN2015','WOMEN','2015','10,7','30')
('30WOMEN2016','WOMEN','2016','10,5','30')
('30WOMEN2017','WOMEN','2017','9,5','30')
('30WOMEN2018','WOMEN','2018','9,1','30')
('30WOMEN2019','WOMEN','2019','10','30')
('31MEN2003','MEN','2003','21,8','31')
('31MEN2006','MEN','2006','20,3','31')
('31MEN2007','MEN','2007','20,9','31')
('31MEN2008','MEN','2008','20,5','31')
('31MEN2009','MEN','2009','19','31')
('31MEN2010','MEN','2010','17,9','31')
('31MEN2011','MEN','2011','18,1','31')
('31MEN2012','MEN','2012','15,5','31')
('31MEN2013','MEN','2013','14,4','31')
('31MEN2014','MEN','2014','12,8','31')
('31MEN2015','MEN','2015','12,8','31')
('31MEN2016','MEN','2016','12,7','31')
('31MEN2017','MEN','2017','13,2','31')
('31MEN2018','MEN','2018','12,1','31')
('31MEN2019','MEN','2019','12,3','31')
('31WOMEN2003','WOMEN','2003','13,7','31')
('31WOMEN2006','WOMEN','2006','12,8','31')
('31WOMEN2007','WOMEN','2007','12,6','31')
('31WOMEN2008','WOMEN','2008','12,4','31')
('31WOMEN2009','WOMEN','2009','12,5','31')
('31WOMEN2010','WOMEN','2010','12,7','31')
('31WOMEN2011','WOMEN','2011','12','31')
('31WOMEN2012','WOMEN','2012','9,2','31')
('31WOMEN2013','WOMEN','2013','8,6','31')
('31WOMEN2014','WOMEN','2014','9','31')
('31WOMEN2015','WOMEN','2015','8,3','31')
('31WOMEN2016','WOMEN','2016','8','31')
('31WOMEN2017','WOMEN','2017','7,5','31')
('31WOMEN2018','WOMEN','2018','6,9','31')
('31WOMEN2019','WOMEN','2019','7,7','31')
('32MEN2003','MEN','2003','38,8','32')
('32MEN2009','MEN','2009','33,7','32')
('32MEN2016','MEN','2016','28,2','32')
('32WOMEN2003','WOMEN','2003','28,5','32')
('32WOMEN2009','WOMEN','2009','26','32')
('32WOMEN2016','WOMEN','2016','20,9','32')
('33MEN2007','MEN','2007','45,1','33')
('33MEN2010','MEN','2010','44,1','33')
('33MEN2012','MEN','2012','43,5','33')
('33MEN2014','MEN','2014','42,7','33')
('33MEN2016','MEN','2016','42,1','33')
('33MEN2018','MEN','2018','41,5','33')
('33WOMEN2007','WOMEN','2007','2,2','33')
('33WOMEN2010','WOMEN','2010','2','33')
('33WOMEN2012','WOMEN','2012','1,8','33')
('33WOMEN2014','WOMEN','2014','1,7','33')
('33WOMEN2016','WOMEN','2016','1,6','33')
('33WOMEN2018','WOMEN','2018','1,5','33')
('41MEN2008','MEN','2008','23,8','41')
('41MEN2013','MEN','2013','18,8','41')
('41WOMEN2008','WOMEN','2008','11,1','41')
('41WOMEN2013','WOMEN','2013','7,4','41')
('44MEN1990','MEN','1990','28','44')
('44MEN1991','MEN','1991','27,2','44')
('44MEN1992','MEN','1992','26,4','44')
('44MEN1993','MEN','1993','25,6','44')
('44MEN1994','MEN','1994','24,8','44')
('44MEN1995','MEN','1995','24,2','44')
('44MEN1996','MEN','1996','23,2','44')
('44MEN1997','MEN','1997','22,3','44')
('44MEN1998','MEN','1998','21,5','44')
('44MEN1999','MEN','1999','20,7','44')
('44MEN2000','MEN','2000','18,7','44')
('44MEN2001','MEN','2001','19,1','44')
('44MEN2002','MEN','2002','18,3','44')
('44MEN2003','MEN','2003','17,5','44')
('44MEN2004','MEN','2004','16,7','44')
('44MEN2005','MEN','2005','15,9','44')
('44MEN2006','MEN','2006','15,1','44')
('44MEN2007','MEN','2007','14,3','44')
('44MEN2008','MEN','2008','13,5','44')
('44MEN2009','MEN','2009','12,7','44')
('44MEN2010','MEN','2010','11,8','44')
('44MEN2011','MEN','2011','11','44')
('44MEN2012','MEN','2012','10,2','44')
('44MEN2013','MEN','2013','9,4','44')
('44MEN2014','MEN','2014','8,6','44')
('44MEN2015','MEN','2015','8,7','44')
('44MEN2016','MEN','2016','7','44')
('44MEN2017','MEN','2017','6,2','44')
('44MEN2018','MEN','2018','5,4','44')
('44WOMEN1990','WOMEN','1990','7,6','44')
('44WOMEN1991','WOMEN','1991','7,4','44')
('44WOMEN1992','WOMEN','1992','7,3','44')
('44WOMEN1993','WOMEN','1993','7,1','44')
('44WOMEN1994','WOMEN','1994','7','44')
('44WOMEN1995','WOMEN','1995','5,3','44')
('44WOMEN1996','WOMEN','1996','6,6','44')
('44WOMEN1997','WOMEN','1997','6,5','44')
('44WOMEN1998','WOMEN','1998','6,3','44')
('44WOMEN1999','WOMEN','1999','6,1','44')
('44WOMEN2000','WOMEN','2000','6,1','44')
('44WOMEN2001','WOMEN','2001','5,8','44')
('44WOMEN2002','WOMEN','2002','5,7','44')
('44WOMEN2003','WOMEN','2003','5,5','44')
('44WOMEN2004','WOMEN','2004','5,3','44')
('44WOMEN2005','WOMEN','2005','5,2','44')
('44WOMEN2006','WOMEN','2006','5','44')
('44WOMEN2007','WOMEN','2007','4,8','44')
('44WOMEN2008','WOMEN','2008','4,7','44')
('44WOMEN2009','WOMEN','2009','4,5','44')
('44WOMEN2010','WOMEN','2010','4,4','44')
('44WOMEN2011','WOMEN','2011','4,2','44')
('44WOMEN2012','WOMEN','2012','4','44')
('44WOMEN2013','WOMEN','2013','3,9','44')
('44WOMEN2014','WOMEN','2014','3,7','44')
('44WOMEN2015','WOMEN','2015','2,9','44')
('44WOMEN2016','WOMEN','2016','3,4','44')
('44WOMEN2017','WOMEN','2017','3,2','44')
('44WOMEN2018','WOMEN','2018','3,1','44')
('34MEN1990','MEN','1990','44,2','34')
('34MEN1992','MEN','1992','45,1','34')
('34MEN1994','MEN','1994','49,5','34')
('34MEN1996','MEN','1996','45,4','34')
('34MEN1998','MEN','1998','43,2','34')
('34MEN2000','MEN','2000','45','34')
('34MEN2002','MEN','2002','43,9','34')
('34MEN2004','MEN','2004','47,7','34')
('34MEN2006','MEN','2006','40,5','34')
('34MEN2008','MEN','2008','38,6','34')
('34MEN2010','MEN','2010','36,8','34')
('34MEN2012','MEN','2012','36,2','34')
('34MEN2014','MEN','2014','31,4','34')
('34MEN2016','MEN','2016','29,9','34')
('34MEN2018','MEN','2018','23,4','34')
('34MEN2020','MEN','2020','25,7','34')
('34WOMEN1990','WOMEN','1990','14,5','34')
('34WOMEN1992','WOMEN','1992','17,9','34')
('34WOMEN1994','WOMEN','1994','21,4','34')
('34WOMEN1996','WOMEN','1996','20,8','34')
('34WOMEN1998','WOMEN','1998','19,3','34')
('34WOMEN2000','WOMEN','2000','20','34')
('34WOMEN2002','WOMEN','2002','17,5','34')
('34WOMEN2004','WOMEN','2004','21,1','34')
('34WOMEN2006','WOMEN','2006','19,5','34')
('34WOMEN2008','WOMEN','2008','17,1','34')
('34WOMEN2010','WOMEN','2010','18,7','34')
('34WOMEN2012','WOMEN','2012','18,3','34')
('34WOMEN2014','WOMEN','2014','15,8','34')
('34WOMEN2016','WOMEN','2016','15,5','34')
('34WOMEN2018','WOMEN','2018','12,9','34')
('34WOMEN2020','WOMEN','2020','12,6','34')
('35MEN2007','MEN','2007','20,3','35')
('35MEN2010','MEN','2010','20','35')
('35MEN2012','MEN','2012','19,6','35')
('35MEN2014','MEN','2014','19,4','35')
('35MEN2016','MEN','2016','19,1','35')
('35MEN2018','MEN','2018','18,9','35')
('35WOMEN2007','WOMEN','2007','3,6','35')
('35WOMEN2010','WOMEN','2010','2,7','35')
('35WOMEN2012','WOMEN','2012','2,2','35')
('35WOMEN2014','WOMEN','2014','1,7','35')
('35WOMEN2016','WOMEN','2016','1,4','35')
('35WOMEN2018','WOMEN','2018','1,2','35')
('36MEN2007','MEN','2007','52,3','36')
('36MEN2010','MEN','2010','52,9','36')
('36MEN2012','MEN','2012','53,6','36')
('36MEN2014','MEN','2014','53,8','36')
('36MEN2016','MEN','2016','54,1','36')
('36MEN2018','MEN','2018','54,4','36')
('36WOMEN2007','WOMEN','2007','1,5','36')
('36WOMEN2010','WOMEN','2010','1,2','36')
('36WOMEN2012','WOMEN','2012','1,1','36')
('36WOMEN2014','WOMEN','2014','0,9','36')
('36WOMEN2016','WOMEN','2016','0,8','36')
('36WOMEN2018','WOMEN','2018','0,7','36')
('37MEN1996','MEN','1996','34,1','37')
('37MEN2000','MEN','2000','34','37')
('37MEN2002','MEN','2002','29,1','37')
('37MEN2004','MEN','2004','27,8','37')
('37MEN2006','MEN','2006','25,6','37')
('37MEN2008','MEN','2008','26,7','37')
('37MEN2010','MEN','2010','24,8','37')
('37MEN2013','MEN','2013','21,9','37')
('37MEN2014','MEN','2014','23,2','37')
('37MEN2016','MEN','2016','25,3','37')
('37MEN2017','MEN','2017','21,3','37')
('37MEN2019','MEN','2019','21,7','37')
('37WOMEN1996','WOMEN','1996','16','37')
('37WOMEN2000','WOMEN','2000','15,4','37')
('37WOMEN2002','WOMEN','2002','15,3','37')
('37WOMEN2004','WOMEN','2004','15,7','37')
('37WOMEN2006','WOMEN','2006','13,9','37')
('37WOMEN2008','WOMEN','2008','11,1','37')
('37WOMEN2010','WOMEN','2010','12,6','37')
('37WOMEN2013','WOMEN','2013','10,8','37')
('37WOMEN2014','WOMEN','2014','11,4','37')
('37WOMEN2016','WOMEN','2016','14,1','37')
('37WOMEN2017','WOMEN','2017','12,8','37')
('37WOMEN2019','WOMEN','2019','11,4','37')
('42MEN2008','MEN','2008','46,3','42')
('42MEN2014','MEN','2014','37','42')
('42MEN2019','MEN','2019','35,2','42')
('42WOMEN2008','WOMEN','2008','13','42')
('42WOMEN2014','WOMEN','2014','14,6','42')
('42WOMEN2019','WOMEN','2019','12,3','42')
('43MEN2005','MEN','2005','42,1','43')
('43MEN2014','MEN','2014','33,9','43')
('43MEN2019','MEN','2019','29,9','43')
('43WOMEN2005','WOMEN','2005','9,8','43')
('43WOMEN2014','WOMEN','2014','9,2','43')
('43WOMEN2019','WOMEN','2019','9,7','43')
('38MEN1991','MEN','1991','47','38')
('38MEN1998','MEN','1998','62','38')
('38MEN2000','MEN','2000','62,2','38')
('38MEN2001','MEN','2001','60,4','38')
('38MEN2004','MEN','2004','61,3','38')
('38MEN2009','MEN','2009','60,7','38')
('38MEN2016','MEN','2016','49,5','38')
('38MEN2017','MEN','2017','45,9','38')
('38MEN2018','MEN','2018','44,7','38')
('38MEN2019','MEN','2019','43,2','38')
('38WOMEN1991','WOMEN','1991','12','38')
('38WOMEN1998','WOMEN','1998','10,9','38')
('38WOMEN2000','WOMEN','2000','12,6','38')
('38WOMEN2001','WOMEN','2001','15,5','38')
('38WOMEN2004','WOMEN','2004','15','38')
('38WOMEN2009','WOMEN','2009','21,7','38')
('38WOMEN2016','WOMEN','2016','14,4','38')
('38WOMEN2017','WOMEN','2017','13,9','38')
('38WOMEN2018','WOMEN','2018','13,7','38')
('38WOMEN2019','WOMEN','2019','13,3','38')
('39MEN2007','MEN','2007','22,4','39')
('39MEN2014','MEN','2014','21,8','39')
('39MEN2019','MEN','2019','19,3','39')
('39WOMEN2007','WOMEN','2007','15,5','39')
('39WOMEN2014','WOMEN','2014','16','39')
('39WOMEN2019','WOMEN','2019','15,6','39')
('40MEN2007','MEN','2007','29,9','40')
('40MEN2010','MEN','2010','29,5','40')
('40MEN2012','MEN','2012','29,3','40')
('40MEN2014','MEN','2014','29,2','40')
('40MEN2016','MEN','2016','29','40')
('40MEN2018','MEN','2018','28,8','40')
('40WOMEN2007','WOMEN','2007','7,9','40')
('40WOMEN2010','WOMEN','2010','7,3','40')
('40WOMEN2012','WOMEN','2012','6,9','40')
('40WOMEN2014','WOMEN','2014','6,5','40')
('40WOMEN2016','WOMEN','2016','6,1','40')
('40WOMEN2018','WOMEN','2018','5,8','40')